field7,field8,error_code
REDIRECT,,E231      
AUCNEGATIVE,E-Commerce is not enabled for this card,E1625     
AUCNEGATIVE,01 | Card authentication failed,E317      
ACS_REDIRECT,,E1602     
AUCNEGATIVE,22 | UNKNOWN,E500      
EVPOSITIVE,,E231      
EVNEGATIVE,ERROR | Error - General system failure,E309      
ACS_REDIRECT,,E501      
3DS_VERIFICATION_NEGATIVE,Exceeds ACS maximum challenges,E708      
AUCNEGATIVE,87 | UNKNOWN,E500      
AUCNEGATIVE,901 | Card authentication failed,E335      
3DS_CHALLENGE_NEGATIVE,AUTHENTICATION_FAILED | Cardholder did not complete authentication | Transaction timed out at ACS&mdash;other timeouts,E1633     
AUCNEGATIVE,INVALID_REQUEST|,E2100     
REDIRECT,Invalid card number (no such number),E1703     
3DS_METHOD_NEGATIVE,INVALID_REQUEST | Invalid credentials.,E501      
REDIRECT,?:waiting authentication,E231      
AUCNEGATIVE,Invalid Otp,E1602     
AUCNEGATIVE,,E231      
AUCNEGATIVE,11 | Suspected fraud,E324      
ALT_ID_PROV_ERROR,EA09|Invalid merchant ID configuration. Please reachout to PayU support team,EA09      
3DS_CHALLENGE_NEGATIVE,914 | Transaction timed out at the ACS,E202      
REDIRECT,51 | Insufficient funds/over credit limit / Not sufficient funds,E231      
EVPOSITIVE,,E503      
EVNEGATIVE,,E214      
REDIRECT,UNKNOWN_ERROR,E501      
AUCINVALID,,E1601     
ACS_REDIRECT,GW00201 | Transaction not found,E1206     
AUCERROR,00 | Authentication Request Successful,E214      
3DS_METHOD_NEGATIVE,3DS212 | ,E1642     
REDIRECT,UNKNOWN_ERROR,E502      
AUCNEGATIVE,N0 | Unable to authorize,E9240     
AUCNEGATIVE,0 | OTP Generated Successfully,451       
3DS_CHALLENGE_NEGATIVE,AUTHENTICATION_FAILED | Cardholder did not complete authentication | Transaction timed out at ACS&mdash;other timeouts,E202      
EVNEGATIVE,INVALID_REQUEST | Invalid credentials.,E202      
AUCNEGATIVE,909 | Security failure,E335      
3DS_CHALLENGE_POSITIVE,,E000      
AUCNEGATIVE,ACS Technical failure,E500      
EVERROR,10024 | Bad Expiry year passed!,E1101     
,,E1615     
Get_cryptogram_failure,Ibibo Code DC is not currently active on merchant,E4932     
,,E308      
EVERROR,15001 | Some parameters are missing. Please contact merchant ,E330      
REDIRECT,Issuer not available,E1703     
AUCNEGATIVE,Blc|202 | Blc|FAILURE::AUTHENTICATION_FAILED,E335      
3DS_CHALLENGE_POSITIVE,Marking transaction as dropped - CSW,E501      
3DS_METHOD_POSITIVE,,E308      
ACS_REDIRECT,0 | OTP Generated Successfully,E231      
ACS_REDIRECT,K | UNKNOWN,E231      
AUCNEGATIVE,901 | INVALID_TRANSACTION_TYPE,E207      
ACS_REDIRECT,Validation problem,E1703     
REDIRECT,SYSTEM ERROR,E1703     
AUCNEGATIVE,"{""status"":401,""message"":""Authentication failed"",""error_type"":""authentication_error"",""error_code"":""GNAUE0003""}",E500      
ACS_REDIRECT,N:-5014:Validation problem,E231      
,FILTERED_FOR_MCP ,E803      
3DS_VERIFICATION_ERROR,CURL_CALL_FAILURE,E214      
REDIRECT,ECI 1 and ECI6,E1703     
REDIRECT,62 | Restricted card,E231      
3DS_METHOD_POSITIVE,Disable pg down time handling on UI so marked as bounced.,E804      
EVERROR,50021 | GENERAL ERROR,E205      
,N:93:Transaction cannot be completed,E231      
AUCNEGATIVE,0 | ,E335      
3DS_METHOD_POSITIVE,UNKNOWN_ERROR,E503      
3DS_CHALLENGE_NEGATIVE,402 | CReq message with this ACS Transaction ID has already been received and processed.,E202      
3DS_VERIFICATION_NEGATIVE,Security failure,E324      
3DS_VERIFICATION_NEGATIVE,System Error response from ACS,E208      
3DS_CHALLENGE_NEGATIVE,AUTHENTICATION_FAILED | CONSUMER_AUTHENTICATION_FAILED,E202      
AUCNEGATIVE,5003 | The order already exists in the database.,E207      
AUCNEGATIVE,0 | ,E1601     
REDIRECT,57 | Transaction not permitted to issuer/cardholder,E1206     
AUCNEGATIVE,0 | OTP Generated Successfully,07        
AUCNEGATIVE,51 | Insufficient funds/over credit limit / Not sufficient funds,E231      
,Invalid CardNumber/Token/AltId or ibibo_code,E4510     
AUCNEGATIVE,Invalid Otp,E1608     
ACS_REDIRECT,DECLINED (Exceeds withdrawal amount limit),E1703     
3DS_VERIFICATION_NEGATIVE,Transaction timed out at the ACS,E231      
,PG filtering based on KTB Bin Routing ,E803      
REDIRECT,Marking transaction as dropped - CS,E231      
ALT_ID_PROV_ERROR,EA081|The network token provision request contained data that could not be verified,EA081     
ACS_REDIRECT,,E502      
,SUCCESS,E000      
REDIRECT,,E502      
AUCNEGATIVE,,E1601     
,Ibibo Code RUPAYCC is not currently active on merchant,E6010     
REDIRECT,0 | ,E231      
AUCNEGATIVE,Message Received Invalid,E500      
,,E346      
AUCNEGATIVE,,E502      
AUCNEGATIVE,Marking transaction as dropped - CS,E231      
AUCNEGATIVE,AUTHENTICATION_FAILED|Encountered a Payer Authentication problem. Payer could not be authenticated. | CONSUMER_AUTHENTICATION_FAILED,E1003     
REDIRECT,00 | Approved or completed successfully,E000      
AUCERROR,12002 | Rupay Redirect Response Timeout,E303      
ACS_REDIRECT,Marking transaction as dropped - CSW,E202      
EVNEGATIVE,56 | DECLINED (no card),E205      
3DS_CHALLENGE_NEGATIVE,AUTHENTICATION_FAILED | Cardholder did not complete authentication,E1633     
AUCNEGATIVE,SECURE_3D_AUTHENTICATION_ERROR,E317      
3DS_CHALLENGE_NEGATIVE,PG_FAILED | Authentication Failed,E316      
,Ibibo Code DINR is not currently active on merchant,E6010     
ACS_REDIRECT,,E308      
3DS_CHALLENGE_NEGATIVE,TRANSACTION_INVALID,E231      
ALT_ID_PROV_ERROR,EA080|cardType is not supported :: cardType,EA080     
,FILTERED_INTERNATIONAL_PGS ,E803      
REDIRECT,Retry the transaction later,E1703     
REDIRECT,User Pressed cancel button,E1703     
REDIRECT,61 | Exceeds withdrawal amount limit(s) / Withdrawal amount limit exc,E909      
EVPOSITIVE,,E1611     
AUCNEGATIVE,0 | ,E231      
EVPOSITIVE,0 | ,E231      
AUCNEGATIVE,912 | Transaction not permitted to cardholder,E335      
3DS_CHALLENGE_NEGATIVE,TRANSACTION_INVALID,E1206     
AUCNEGATIVE,0 | OTP Generated Successfully,E502      
AUCNEGATIVE,transactionid,E1302     
3DS_CHALLENGE_NEGATIVE,919 | Exceeds ACS maximum challenges,E202      
EVNEGATIVE,10024 | MRN passed in request is duplicate,E1101     
3DS_CHALLENGE_POSITIVE,,E231      
,Check for New information before retry,E1703     
REDIRECT,,E501      
AUCNEGATIVE,0 | OTP Generated Successfully,96        
ACS_REDIRECT,Element missing,E2502     
REDIRECT,Unable to authorize,E1703     
,NON SUFFICIENT FUNDS,E1703     
AUCNEGATIVE,Blc|202 | Blc|Transaction processed for 3D Secure/Bank's Page. Waiting for Verification OTP/Password verification.,E335      
EVNEGATIVE,400 | General Error,E500      
,,E6008     
AUCERROR,AUTHENTICATION_FAILED|UNKNOWN_ERROR,E501      
,,E1611     
EVPOSITIVE,,E000      
,N:ACCU400:User was Inactive,E231      
3DS_METHOD_ERROR,Blc| | Blc|,E1645     
3DS_CHALLENGE_POSITIVE,UNKNOWN_ERROR,E501      
ALT_ID_PROV_ERROR,EA080|400,EA080     
AUCNEGATIVE,Transaction timed-out.,E500      
AUCNEGATIVE,AUTHENTICATION_FAILED | 150,E309      
REDIRECT,N:51:NON SUFFICIENT FUNDS,E231      
,Invalid transaction,E1703     
AUCNEGATIVE,Invalid Otp,E308      
3DS_METHOD_POSITIVE,Marking transaction as dropped - CSW,E501      
3DS_METHOD_ERROR,,E1302     
3DS_CHALLENGE_NEGATIVE,E317 | Failed Eci Txn Allowed for Authorize,E202      
ACS_REDIRECT,GW00462 | Invalid Tranportal Password.,E231      
3DS_CHALLENGE_NEGATIVE,914 | Transaction timed out at the ACS,E231      
ACS_REDIRECT,TRANSACTION_INVALID,E202      
,ECI 7,E1703     
ALT_ID_PROV_ERROR,|DpaId on-boarding in progress,
REDIRECT,FRAUD - Card's country blocked,E1703     
ACS_REDIRECT,Marking transaction as dropped - CS,E501      
3DS_VERIFICATION_NEGATIVE,Card authentication failed,E317      
REDIRECT,SUCCESS,E000      
AUCPOSITIVE,,
REDIRECT,Invalid transaction,E1703     
EVPOSITIVE,Marking transaction as dropped - CS,E231      
3DS_VERIFICATION_NEGATIVE,RREQ_NOT_RECEIVED,E199      
3DS_VERIFICATION_NEGATIVE,102,E231      
,,E1101     
3DS_CHALLENGE_NEGATIVE,AUTHENTICATION_FAILED | Issuer unable to perform authentication,E202      
,There is no eligible pg and retry are not allowed or is disabled.,E803      
3DS_METHOD_NEGATIVE,,E316      
ALT_ID_PROV_ERROR,EA081|One or more fields in the request are either missing or does not have correct value.,EA081     
AUCNEGATIVE,403,E335      
AUCNEGATIVE,Invalid Otp,E1601     
,,E312      
REDIRECT,Transaction not permitted to cardholder,E1703     
EVPOSITIVE,,E502      
REDIRECT,N0 | Unable to Authorise,E231      
,Ibibo Code MAST is not currently active on merchant,E6010     
AUCNEGATIVE,GW00201 | Transaction not found,E231      
,Transaction not permitted to cardholder,E1703     
AUCNEGATIVE,09 | Security failure,E324      
AUCNEGATIVE,,E1633     
3DS_VERIFICATION_NEGATIVE,UNKNOWN,E500      
3DS_METHOD_POSITIVE,Marking transaction as dropped - CSW,E231      
AUCNEGATIVE,DO_NOT_PROCEED,E1302     
AUCNEGATIVE,912 | INVALID_TRANSACTION_TYPE,E207      
EVERROR,50021 | Signature Verification Failed at PG end.,E205      
EVNEGATIVE,400 | GENERAL ERROR,E500      
3DS_METHOD_POSITIVE,Marking transaction as dropped - CSW,E1206     
,,E214      
REDIRECT,Issuer authentication failure,E1703     
REDIRECT,NON SUFFICIENT FUNDS,E1703     
EVNEGATIVE, | ,E308      
3DS_CHALLENGE_NEGATIVE,101 | Blc|Not Authenticated /Account Not Verified; Transaction denied,E317      
3DS_METHOD_NEGATIVE,Blc|204 | Blc|FAILURE::AUTHENTICATION_NOT_SUPPORTED,E204      
REDIRECT,,E1602     
ALT_ID_PROV_ERROR,EA088|Card can currently not be used with card association for tokenization,EA088     
EVERROR,,E214      
REDIRECT,51 | Insufficient funds/over credit limit / Not sufficient funds,E706      
ACS_REDIRECT,,E000      
AUCNEGATIVE,987 | Declined by DS - Transaction is excluded from Attempts Processing,E335      
3DS_METHOD_NEGATIVE,CURL_CALL_FAILURE,E501      
AUCNEGATIVE,INVALID_TRANSACTION_TYPE,E207      
ALT_ID_PROV_ERROR,EA080|Tokenization failed,EA080     
AUCNEGATIVE,08 | No Card Record,E4346     
REDIRECT,?:waiting authentication,E1206     
AUCNEGATIVE,Cardholder Account Number is not in a range belonging to Issuer.,E500      
,Retry the transaction later,E1703     
AUCNEGATIVE,,E1602     
REDIRECT,Application error,E1206     
AUCNEGATIVE,0 | OTP Generated Successfully,E1601     
3DS_METHOD_ERROR,NOT_ENROLLED_FAILURE,E1302     
,Authentication Failed,E1703     
AUCNEGATIVE,Invalid Otp,E317      
EVPOSITIVE,GW00201 | Transaction not found,E1206     
AUCNEGATIVE,SUCCESS,E000      
,Mandatory Param Missing for Token txn store_card_token,E4510     
EVERROR,15096 | SYSTEM ERROR or PREVIOUSLY AUTHORIZED or PREVIOUSLY DECLINED,E335      
EVERROR,410 | Invalid BIN,E337      
EVPOSITIVE,,E501      
ACS_REDIRECT,0 | ,E1206     
AUCNEGATIVE,906 | Invalid card number,E335      
,Mandatory Param Missing for Token txn ccexpmon,E1101     
,PG filtering based on Network Token supported PGs ,E803      
ACS_REDIRECT,Marking transaction as dropped - CSW,E000      
AUCNEGATIVE,5005 | The country of the credit card has been blocked.,E207      
AUCNEGATIVE,50716 | Transaction declined. 3D Secure authentication failed.,E207      
,ECI 1 and ECI6,E1703     
AUCNEGATIVE,402 | DS Response is blank,E207      
AUCNEGATIVE,202 | SERVER_FAILED::Please contact customer support quoting the support code.,E1633     
AUCNEGATIVE,904 | Exceeds authentication frequency limit,E335      
AUCNEGATIVE,,E1608     
ALT_ID_PROV_ERROR,EA084|Card can currently not be used with issuer for tokenization,EA084     
REDIRECT,3D Secure authentication failed,E1703     
REDIRECT,0 | OTP Generated Successfully,E502      
,,E1605     
REDIRECT,,E000      
AUCNEGATIVE,10 | Stolen card,E310      
AUCNEGATIVE,AUTHENTICATION_FAILED | 476 | Issuer unable to perform authentication,E303      
,,E6009     
3DS_CHALLENGE_NEGATIVE,Blc|203 | Blc|response.gatewayRecommendation=DO_NOT_PROCEED,E317      
ALT_ID_PROV_ERROR,EA11 | Timeout reached from StoreCard,EA11      
EVPOSITIVE,,E802      
,Issuer authentication failure,E1703     
EVNEGATIVE,REJECT | Declined - One or more fields in the request contains invalid da,E1400     
3DS_CHALLENGE_NEGATIVE,908 | No Card record,E202      
,,E231      
3DS_METHOD_ERROR,,E500      
ALT_ID_PROV_ERROR,EA087|Invalid body values,EA087     
REDIRECT,Rupay check bin error,E1703     
3DS_CHALLENGE_NEGATIVE,AUTHENTICATION_FAILED | Cardholder did not complete authentication,E202      
REDIRECT,Restricted card,E1703     
AUCNEGATIVE,905 | INVALID_TRANSACTION_TYPE,E207      
REDIRECT,00 | Authentication Request Successful,E502      
EVNEGATIVE,ERROR | UNKNOWN,E500      
ALT_ID_PROV_ERROR,EA089|Request not permitted,EA089     
REDIRECT,UNKNOWN_ERROR,E231      
3DS_VERIFICATION_NEGATIVE,0,E231      
,FILTERED_INTERNATIONAL_PGS ,E804      
,REMOVED_HEADLESS_PGS ,E803      
PG_NOT_ACTIVATED,No Active PG found for Prepaid Card,E803      
,,E6004     
AUCERROR,Pg authentication not supported on Only 3DSS Supported PGs,E308      
,PG filtering based on Pre Auth Allowed PGs for merchant ,E803      
,User Pressed cancel button,E1703     
REDIRECT,Lost card,E1703     
AUCNEGATIVE,00 | Approved or completed successfully,E000      
REDIRECT,,
ACS_REDIRECT,0 | OTP Generated Successfully,E1205     
ALT_ID_PROV_ERROR,EA080|Technical error. Please try again,EA080     
3DS_CHALLENGE_ERROR,UNKNOWN_ERROR,E501      
EVNEGATIVE,96 | Issuer System Failure,E500      
REDIRECT,ECI 7,E1703     
AUCNEGATIVE,905 | INVALID_TRANSACTION_TYPE,E231      
REDIRECT,Invalid data was posted to Issuer,E1703     
REDIRECT,Do not retry,E1703     
AUCNEGATIVE,01 | Card authentication failed,E1633     
3DS_METHOD_POSITIVE,,E1602     
REDIRECT,User was Inactive,E1703     
ACS_REDIRECT,000 | Blc|SUCCESS,E502      
3DS_VERIFICATION_NEGATIVE,Exceeds ACS maximum challenges,E1633     
EVNEGATIVE,10004 | Unable to reach card information service,E1617     
3DS_CHALLENGE_NEGATIVE,AUTHENTICATION_FAILED | Cardholder did not complete authentication | Transaction Error,E207      
AUCNEGATIVE,13 | Cardholder not enrolled in service,E1302     
3DS_METHOD_POSITIVE,CURL_CALL_FAILURE,E214      
EVNEGATIVE,REJECT | Declined - One or more fields in the request contains invalid da,E2100     
EVNEGATIVE,UNKNOWN_ERROR,E1206     
EVNEGATIVE,UNKNOWN_ERROR,E231      
3DS_METHOD_NEGATIVE,Blc|204 | Blc|SERVER_FAILED::Please contact customer support quoting the support code.,E204      
AUCNEGATIVE,202 | FAILURE::AUTHENTICATION_FAILED,E1633     
3DS_CHALLENGE_POSITIVE,Marking transaction as dropped - CSW,E231      
3DS_VERIFICATION_NEGATIVE,Invalid transaction,E1633     
AUCNEGATIVE,15 | Low confidence,E4001     
AUCNEGATIVE,Transaction data not valid,E500      
AUCNEGATIVE,00 | Authentication Request Successful,E502      
AUCNEGATIVE,5003 | The order already exists in the database.,E231      
3DS_CHALLENGE_NEGATIVE,PG_FAILED | ,E500      
AUCNEGATIVE,305 | Invalid Account Number received in the Message.,E207      
EVERROR,50021 | XML Data Error - Invalid Parameter Value - card_exp_date,E205      
REDIRECT,0 | ,E1206     
AUCPOSITIVE,Invalid Otp,E231      
AUCNEGATIVE,,
,Ibibo Code BAJAJ is not currently active on merchant,E6010     
3DS_CHALLENGE_NEGATIVE,,E317      
ACS_REDIRECT,EXPIRED CARD,E1703     
EVNEGATIVE,REJECT | UNKNOWN,E500      
ACS_REDIRECT,,E231      
EVNEGATIVE,412 | Issuer Authentication Server failure,E337      
ACS_REDIRECT,Marking transaction as dropped - CS,E231      
AUCNEGATIVE,Session timed out,E2503     
ACS_REDIRECT,Marking transaction as dropped - CSW,E231      
3DS_VERIFICATION_NEGATIVE,102,E1206     
,FILTERED_DOMESTIC_PGS ,E804      
3DS_VERIFICATION_NEGATIVE,No Card Record,E4346     
EVNEGATIVE,56 | ,E500      
EVPOSITIVE,GW00201 | Transaction not found,E231      
,Restricted card,E1703     
EVPOSITIVE,,E1206     
,SUCCESS,E231      
3DS_METHOD_NEGATIVE,NOT_ENROLLED_FAILURE,E1302     
,PG filtering based on Optional TRID ,E803      
ALT_ID_PROV_ERROR,EA081|card_not_eligible,EA081     
ACS_REDIRECT,,E503      
,Ibibo Code AMEX is not currently active on merchant,E6010     
3DS_VERIFICATION_NEGATIVE,Transaction not permitted to cardholder,E1642     
Get_cryptogram_failure,,E4932     
EVERROR, | ,E214      
3DS_CHALLENGE_NEGATIVE,901 | Card authentication failed,E202      
AUCNEGATIVE,5111 | Transaction failed. ECI1 and ECI6 transactions are not supported by merchant.,E207      
REDIRECT,,E1206     
AUCNEGATIVE,00 | Authentication Request Successful,E500      
REDIRECT,N:ACCU400:User was Inactive,E1206     
AUCNEGATIVE,UNKNOWN_ERROR,E1608     
,PG filtering based on Fixed TID Routing ,E803      
AUCNEGATIVE,0 | OTP Generated Successfully,E231      
,,E4510     
REDIRECT,62 | Restricted card,E1626     
REDIRECT,05 | Do not honor,E307      
EVNEGATIVE,400 | ,E4933     
AUCNEGATIVE,Invalid Otp,E502      
,Invalid card number (no such number),E1703     
REDIRECT,Authentication Failed,E1703     
AUCERROR,,E1302     
AUCNEGATIVE,202 | Unknown Error. Transaction Failed. Please try again later.,E1633     
REDIRECT,INVALID_REQUEST | Invalid credentials.,E202      
ALT_ID_PROV_ERROR,EA087|INVALID_VALUE,EA087     
EVNEGATIVE,413 | ,E500      
3DS_CHALLENGE_NEGATIVE,926 | Blc|Not Authenticated /Account Not Verified; Transaction denied,E317      
AUCINVALID,0 | ,E1601     
REDIRECT,N:-BEPG-0000017:Issuer authentication failure,E231      
ACS_REDIRECT,SUCCESS,E000      
ALT_ID_PROV_ERROR,EA085|Issuer did not respond in time. Retry the request.,EA085     
AUCPOSITIVE,,E501      
,PG filtering based on Direct Auth 3DS2 txn ,E803      
3DS_CHALLENGE_NEGATIVE,101 | RReq is not available,E202      
REDIRECT,87 | No Envelope Inserted,E231      
EVPOSITIVE,,E1202     
REDIRECT,N:ACCU600:Invalid data was posted to Issuer,E231      
AUCNEGATIVE,"303 | Access denied, invalid endpoint.",E335      
ACS_REDIRECT,0 | ,E1205     
REDIRECT,N:05:Do not honour,E231      
AUCNEGATIVE,Blc|202 | Blc|FAILURE::AUTHENTICATION_REJECTED,E335      
3DS_METHOD_ERROR,CURL_CALL_FAILURE,E214      
,UNKNOWN_ERROR,E231      
ACS_REDIRECT,62 | Restricted card,E1206     
AUCERROR,"Cannot invoke ""com.payu.cardsservice.cards.dto.response.common.FormPost.getPostUri()"" because the return value of ""com.payu.cardsservice.cards.dto.response.common.Data.getFormPost()"" is null",E207      
EVNEGATIVE,GW00201 | Transaction not found,E231      
,Validation problem,E1703     
REDIRECT,Secure Hash Mismatch,E1703     
,PG filtering based on AltId supported PGs ,E804      
AUCNEGATIVE,5102 | Transaction failed. ECI-7 transactions are not supported by merchant.,E207      
MER_025|No Transaction exists with given merchant id : MER0000005118097,,E346      
AUCNEGATIVE,,E1206     
ALT_ID_PROV_ERROR,EA080|card_market_not_supported,EA080     
AUCNEGATIVE,BIN Range inactive,E500      
AUCINVALID,00 | Authentication Request Successful,E1601     
,,E908      
AUCNEGATIVE,Invalid Otp,E501      
3DS_METHOD_NEGATIVE,56 | ,E500      
EVNEGATIVE,ERROR | Error - The request was received but there was a server timeout.,E208      
ACS_REDIRECT,,E1611     
AUCNEGATIVE,"303 | Access denied, invalid endpoint",E335      
AUCNEGATIVE,05 | Expired card,E1633     
,The order already exists in the database.,E1703     
,Secure Hash Mismatch,E1703     
EVNEGATIVE,410 | ,E500      
3DS_CHALLENGE_NEGATIVE,912 | Blc|Not Authenticated /Account Not Verified; Transaction denied,E317      
ACS_REDIRECT,,E1903     
AUCNEGATIVE,06 | Invalid card number,E1633     
ACS_REDIRECT,Invalid Otp,E502      
EVNEGATIVE, | ,
,REMOVED_HEADLESS_3DSS_ELIGIBLE_PGS ,E804      
REDIRECT,GW00201 | Transaction not found,E231      
PG_NOT_ACTIVATED,No Active PG found for Corporate Card,E803      
AUCNEGATIVE,05 | Expired card,E311      
ACS_REDIRECT,0 | ,E231      
,,E408      
AUCNEGATIVE,AUTHENTICATION_ATTEMPTS,E232      
ACS_REDIRECT,Marking transaction as dropped - CS,E1206     
EVERROR,15056 | No card so declined,E205      
EVNEGATIVE,412 | Transaction got declined at issuer.,E207      
REDIRECT,0 | OTP Generated Successfully,E231      
AUCERROR,"10024 | Unable the process the transaction, Authentication Failed",E303      
REDIRECT,Application error,E231      
EVPOSITIVE,,E1602     
3DS_METHOD_ERROR,,E4506     
REDIRECT,Check for New information before retry,E1703     
3DS_CHALLENGE_NEGATIVE,DO_NOT_PROCEED,E317      
3DS_METHOD_POSITIVE,UNKNOWN_ERROR,E501      
,,E2101     
,,E6006     
AUCNEGATIVE,0 | OTP Generated Successfully,452       
AUCNEGATIVE,|Decline - Invalid account number,E501      
,Mandatory Param Missing for Token txn user_credentials,E4510     
EVERROR,50021 | Invalid cvd2 passed!,E205      
ACS_REDIRECT,Marking transaction as dropped - CSW,E1206     
REDIRECT,GW00201 | Transaction not found,E1206     
EVPOSITIVE,0 | OTP Generated Successfully,E231      
3DS_METHOD_POSITIVE,,E231      
3DS_CHALLENGE_NEGATIVE,901 | Blc|Not Authenticated /Account Not Verified; Transaction denied,E317      
3DS_METHOD_NEGATIVE,BNF | Bin Not Found,E4934     
REDIRECT,General exception,E1703     
ALT_ID_PROV_ERROR,EA04|Invalid merchant ID configuration. Please reachout to PayU support team,EA04      
AUCNEGATIVE,Transaction ID has already been received and processed.,E500      
ACS_REDIRECT,00 | Approved or completed successfully,E000      
,?:waiting authentication,E231      
,PG filtering based on Card SI PGs ,E804      
3DS_CHALLENGE_NEGATIVE,914 | Blc|Not Authenticated /Account Not Verified; Transaction denied,E317      
3DS_VERIFICATION_NEGATIVE,Card authentication failed,E1633     
ALT_ID_PROV_ERROR,EA11|Service unavailable. Typically the server not able to serve the request temporarily. Retry after sometime.,EA11      
REDIRECT,Unable to verify card enrollment,E1703     
3DS_CHALLENGE_NEGATIVE,AUTHENTICATION_INVALID_REQUEST_ERROR,E914      
AUCNEGATIVE,901 | Blc|Not Authenticated /Account Not Verified; Transaction denied,E317      
AUCNEGATIVE,Invalid Otp,E000      
,,E2100     
,,E7001     
REDIRECT,Suspected Fraud. Do not retry,E1703     
3DS_CHALLENGE_NEGATIVE,SERVER_ERROR,E208      
ACS_REDIRECT,,E1608     
ACS_REDIRECT,K | UNKNOWN,E1206     
,Unable to get payer authentication,E1703     
ACS_REDIRECT,00 | Authentication Request Successful,E502      
3DS_VERIFICATION_NEGATIVE,Invalid transaction,E207      
,,E6007     
3DS_METHOD_NEGATIVE,400 | ,E4933     
,Ibibo Code BAJAJF is not currently active on merchant,E6010     
3DS_VERIFICATION_NEGATIVE,Transaction not permitted to cardholder,E1633     
,UNKNOWN_ERROR,E501      
REDIRECT,Communication Error,E1703     
AUCNEGATIVE,BEPG-0000017 | Issuer authentication failure,E207      
3DS_METHOD_ERROR,CURL_CALL_FAILURE,E501      
3DS_VERIFICATION_NEGATIVE,E303 | SUCCESS,E303      
AUCNEGATIVE,906 | INVALID_TRANSACTION_TYPE,E207      
ACS_REDIRECT,000 | Blc|SUCCESS,E1602     
,?:waiting authentication,E1206     
AUCNEGATIVE,305 | Transaction data not valid,E335      
3DS_CHALLENGE_NEGATIVE,901 | Blc|Authentication/ Account Verification Rejected; Issuer is rejecting,E317      
,N:05:Do not honour,E231      
,PG filtering based on KTB Bin Routing ,E804      
EVPOSITIVE,Marking transaction as dropped - CS,E1206     
AUCNEGATIVE,919 | Exceeds ACS maximum challenges,E335      
REDIRECT,0 | ,E1205     
3DS_CHALLENGE_NEGATIVE,984 | Blc|Not Authenticated /Account Not Verified; Transaction denied,E317      
ACS_REDIRECT,QR,E507      
REDIRECT,N:-BEPG-0000017:Issuer authentication failure,E1206     
EVPOSITIVE,,E1205     
AUCNEGATIVE,305 | Transaction ID has already been received and processed.,E207      
REDIRECT,CA | Acquirer compliance,E1206     
REDIRECT,N:ACCU400:User was Inactive,E231      
AUCNEGATIVE,Page parsing Failure,E1608     
,Rupay transaction error,E1703     
REDIRECT,Expired card,E1703     
AUCNEGATIVE,BEPG-0000013 | Failure during checkbin process,E207      
REDIRECT,Marking transaction as dropped - CS,E1206     
3DS_METHOD_POSITIVE,UNKNOWN_ERROR,E1602     
EVNEGATIVE,CTO | Network Connect Time Out,E1639     
AUCNEGATIVE,905 | Expired card,E335      
AUCNEGATIVE,Transaction ID is recognised as a duplicate.,E500      
ALT_ID_PROV_ERROR,MOF001|City name is invalid,MOF001    
ALT_ID_PROV_ERROR,EA11|internal_api_error,EA11      
AUCNEGATIVE,203 | mcc,E207      
,Ibibo Code CITD is not currently active on merchant,E6010     
,N:-50822:Processing error while provisioning Guest Checkout Token,E231      
3DS_METHOD_POSITIVE,Invalid Otp,E231      
,SUCCESS,E1206     
REDIRECT,N:-50822:Processing error while provisioning Guest Checkout Token,E1206     
3DS_METHOD_NEGATIVE, | ,
3DS_METHOD_NEGATIVE,Blc|102 | Blc|currency parameter is missing or invalid,E204      
REDIRECT,,SSER001   
AUCNEGATIVE,914 | Blc|Not Authenticated /Account Not Verified; Transaction denied,E317      
ACS_REDIRECT,Invalid Otp,E000      
,ERROR,E1703     
AUCNEGATIVE,Transaction Data Not Valid,E500      
,,E1205     
AUCNEGATIVE,10024 | This Card type is not allowed !!,E1101     
AUCNEGATIVE,54 | Expired card,E311      
,N:-BEPG-0000017:Issuer authentication failure,E1206     
AUCNEGATIVE,,E503      
3DS_CHALLENGE_POSITIVE,,
AUCNEGATIVE,926 | Blc|Not Authenticated /Account Not Verified; Transaction denied,E317      
,N:-5014:Validation problem,E231      
3DS_CHALLENGE_ERROR,INVALID_REQUEST | Unable to find order null and transaction null for merchant CPM00006,E231      
EVNEGATIVE,Invalid association id passed in request,E303      
ACS_REDIRECT,62 | Restricted card,E231      
EVNEGATIVE,integer overflow,E303      
AUCNEGATIVE,Retrieved transaction already used,E500      
3DS_METHOD_POSITIVE,,E1205     
3DS_METHOD_POSITIVE,UNKNOWN_ERROR,E1601     
AUCNEGATIVE,Marking transaction as dropped - CS,E1206     
3DS_METHOD_NEGATIVE,CURL_CALL_FAILURE,E231      
AUCNEGATIVE,Invalid Otp,E1611     
AUCNEGATIVE,5212 | DCC is not configured for store.,E207      
ACS_REDIRECT,genericintent,E507      
AUCNEGATIVE,408 | pArq Request timed out,E712      
AUCNEGATIVE,googlepay,E501      
AUCNEGATIVE,87 | Bad Track Data,E303      
EVERROR,50021 | Bad AcquiringBank configured for merchant_id(58853232) in pg_instance_id(37887779)!,E205      
,PG filtering based on MOTO Txn Enabled Check ,E803      
5006,,E307      
AUCNEGATIVE,201 | A message element required as defined in Table A.1 is missing from the message.,E335      
,Mandatory Param Missing for Token txn ccexpyr,E4510     
EVPOSITIVE,Marking transaction as dropped - CSW,E1206     
REDIRECT,"INVALID_REQUEST | Value '401602xxxxxx0643' is invalid. The combination of currency, card type and transaction type is not supported by a Merchant Acquirer relationship",E202      
AUCNEGATIVE,901 | Blc|Not Authenticated /Account Not Verified; Transaction denied,E1633     
AUCNEGATIVE,,E501      
3DS_METHOD_POSITIVE,Blc|0 | Blc|SUCCESS,E1206     
,FILTERED_FOR_AXIS_WIBMO_ONUS ,E803      
REDIRECT,DECLINED (exceeds frequency),E1703     
ACS_REDIRECT,CURL_CALL_FAILURE,E214      
ACS_REDIRECT,,E4165     
AUCNEGATIVE,Transaction ID received is not valid for the receiving component.,E500      
REDIRECT,Transactions declined by Issuer based on Risk Score,E1703     
REDIRECT,62 | Restricted card,E1206     
,Ibibo Code ICICI is not currently active on merchant,E6010     
,Mandatory Param Missing trmerchantid,E4510     
AUCNEGATIVE,No Error,E1608     
ACS_REDIRECT,Invalid Otp,E340      
,Lost card,E1703     
AUCNEGATIVE,05 | Do not honor,E307      
REDIRECT,bhim,E501      
3DS_CHALLENGE_NEGATIVE,"914 | Blc|Authentication/Account Verification Could Not Be Performed; Technical or other problem, as indicated in ARes or RReq.",E317      
REDIRECT,DECLINED (Exceeds withdrawal amount limit),E1703     
AUCNEGATIVE,|,E501      
AUCNEGATIVE,62 | Restricted card,E1626     
REDIRECT,DECLINED (stolen),E1703     
AUCNEGATIVE,201,E335      
AUCNEGATIVE,0 | ,E330      
AUCNEGATIVE,909 | INVALID_TRANSACTION_TYPE,E207      
EVNEGATIVE,918 | Very High confidence,E335      
AUCPOSITIVE,,failed    
AUCNEGATIVE,Account number not validated,E500      
,Invalid CardNumber/Token/AltId or ibibo_code,E1101     
ACS_REDIRECT,,E1601     
,Rupay communication error,E1703     
REDIRECT,phonepe,E501      
AUCNEGATIVE,404 | Permanent System Failure,E335      
EVNEGATIVE,93 | ,E500      
,FILTERED_DOMESTIC_PGS FILTERED_DOMESTIC_PGS ,E804      
EVNEGATIVE,10024 | Bad cvd2 passed!,E1101     
EVPOSITIVE,,E2101     
REDIRECT,N:05:Do not honour,E1206     
REDIRECT,Issuer Compliance,E1703     
ACS_REDIRECT,NON SUFFICIENT FUNDS,E1703     
ACS_REDIRECT,phonepe,E501      
3DS_METHOD_POSITIVE,No Error,E000      
EVNEGATIVE,IER | Unknown Host,E1905     
REDIRECT,P9 | Enter lesser amount,E1206     
3DS_METHOD_POSITIVE,UNKNOWN_ERROR,E502      
EVPOSITIVE,,SSER001   
,Ibibo Code MAES is not currently active on merchant,E6010     
3DS_CHALLENGE_NEGATIVE,922 | ACS technical issue,E202      
AUCNEGATIVE,Blc|0 | Blc|SUCCESS,E317      
AUCPOSITIVE,Marking transaction as dropped - CS,E231      
EVPOSITIVE,05 | Do not honor,E307      
REDIRECT,P9 | Enter lesser amount,E231      
AUCNEGATIVE,57 | Transaction not permitted to cardholder,E1642     
REDIRECT,65 | Exceeds withdrawal count limit / Withdrawal count limit exceeded,E231      
REDIRECT,14 | Invalid card number,E231      
,Bad Track Data,E1703     
3DS_CHALLENGE_POSITIVE,UNKNOWN_ERROR,E231      
REDIRECT,googlepay,E501      
AUCNEGATIVE,306 | MCC,E207      
ACS_REDIRECT,GW00201 | Transaction not found,E1903     
AUCNEGATIVE,405 | System Connection Failure,E231      
AUCNEGATIVE,30054 | Transaction timed out,E207      
REDIRECT,91 | Issuer unavailable or switch inoperative,E231      
3DS_METHOD_POSITIVE,000 | Blc|SUCCESS,E502      
ACS_REDIRECT,paytm,E501      
ACS_REDIRECT,AUTHENTICATION_FAILED | Cardholder did not complete authentication,E207      
,,E1202     
REDIRECT,BIN is blocked,E1703     
AUCNEGATIVE,"AUTHENTICATION_MODE_MISSING | AuthenticationMode not received, please reachout to PayU Support.",E207      
REDIRECT,Application error,EX149     
VERERROR,Verification | failed | Transaction failed at bank end,E1903     
AUCNEGATIVE,?:waiting authentication,E1206     
,PG filtering based on Issuer Token supported PGs ,E803      
,Invalid amount,E1703     
3DS_CHALLENGE_NEGATIVE,902 | Blc|Not Authenticated /Account Not Verified; Transaction denied,E317      
RNF,PG filtering based on KTB Bin Routing ,E804      
REDIRECT,93 | Transaction cannot be completed; violation of law,E231      
REDIRECT,Invalid BIN,E1703     
REDIRECT,N:ACCU600:Invalid data was posted to Issuer,E1206     
AUCINVALID,,E000      
AUCNEGATIVE,BEPG-0000017 | Issuer authentication failure,E231      
3DS_METHOD_NEGATIVE,Blc|204 | Blc|REQUEST_REJECTED::null,E204      
AUCNEGATIVE,Invalid Otp,E340      
AUCNEGATIVE,AUTHENTICATION_FAILED|UNKNOWN_ERROR,E501      
AUCNEGATIVE,101 | Blc|Not Authenticated /Account Not Verified; Transaction denied,E317      
AUCNEGATIVE,0 | ,E308      
REDIRECT,N:52:No checking account,E231      
REDIRECT,N:59:DECLINED (fraud),E231      
3DS_METHOD_NEGATIVE,"Blc|204 | Blc|INVALID_REQUEST::Value '358759xxxxxx5940' is invalid. The combination of currency, card type and transaction type is not supported by a Merchant Acquirer relationship",E204      
AUCNEGATIVE,"405 | For example, the sending component is unable to  establish connection to the receiving component.",E207      
REDIRECT,,EA081     
ACS_REDIRECT,NOT_ENROLLED_FAILURE,E1302     
REDIRECT,ERROR,E1703     
AUCNEGATIVE,14 | Invalid card number,E231      
3DS_METHOD_POSITIVE,AUTHENTICATION_FAILED|UNKNOWN_ERROR,E501      
3DS_CHALLENGE_NEGATIVE,AUTHENTICATION_FAILED | Cardholder did not complete authentication | Unknown,E202      
REDIRECT,Rupay communication error,E1703     
ACS_REDIRECT,56 | No Card Record,E231      
3DS_CHALLENGE_NEGATIVE,87 | Bad Track Data,E335      
,Pick-up,E1703     
REDIRECT,61 | Exceeds withdrawal amount limit(s) / Withdrawal amount limit exc,E231      
REDIRECT,,E501      
MER_025|No Transaction exists with given merchant id : MER0000005118097,FILTERED_DOMESTIC_PGS ,E804      
404,,E346      
3DS_METHOD_NEGATIVE,"Blc|204 | Blc|INVALID_REQUEST::Value '354047xxxxxx1040' is invalid. The combination of currency, card type and transaction type is not supported by a Merchant Acquirer relationship",E204      
ACS_REDIRECT,0 | OTP Generated Successfully,E501      
AUCNEGATIVE,5111 | Transaction failed. ECI1 and ECI6 transactions are not supported by merchant.,E231      
AUCNEGATIVE,Authentication Failed,E1703     
3DS_METHOD_NEGATIVE,CTO | Network Connect Time Out,E1639     
ACS_REDIRECT,AUTHENTICATION_ATTEMPTS,E232      
REDIRECT,0 | ,E706      
3DS_METHOD_POSITIVE,googlepay,E501      
3DS_METHOD_POSITIVE,05 | Do not honor | Decline - General decline of the card. No other information provided by the issuing bank.,E000      
3DS_METHOD_NEGATIVE,"Blc|204 | Blc|INVALID_REQUEST::Value '354350xxxxxx8301' is invalid. The combination of currency, card type and transaction type is not supported by a Merchant Acquirer relationship",E204      
AUCINVALID,Blc|399 | Blc|APPLICATION_ERROR,E204      
AUCNEGATIVE,57 | Transaction not permitted to cardholder,E303      
AUCNEGATIVE,Message Received Invalid.,E500      
,N:51:NON SUFFICIENT FUNDS,E1206     
ACS_REDIRECT,User Pressed cancel button,E1703     
3DS_CHALLENGE_NEGATIVE,909 | Blc|Not Authenticated /Account Not Verified; Transaction denied,E317      
EVPOSITIVE,GW00555 | UNKNOWN,E231      
REDIRECT,"INVALID_REQUEST | Value '439486xxxxxx8650' is invalid. The combination of currency, card type and transaction type is not supported by a Merchant Acquirer relationship",E202      
ACS_REDIRECT,AUTHENTICATION_FAILED | Cardholder did not complete authentication,E202      
ACS_REDIRECT, | ,E502      
AUCNEGATIVE,408 | Data element not in the required format or value is invalid as defined in Table A.1,E335      
,N:ACCU700:Session validation failed,E231      
REDIRECT,59 | Suspected fraud,E231      
REDIRECT,51 | Insufficient funds/over credit limit / Not sufficient funds,E1206     
ACS_REDIRECT,H | UNKNOWN,E1206     
REDIRECT,54 | Expired card,E311      
ACS_REDIRECT,Blc|0 | Blc|SUCCESS,E501      
,Mandatory Param Missing for Token txn ccexpmon,E4510     
REDIRECT,,E000      
EVNEGATIVE,NOT_ENROLLED_FAILURE,E1302     
404,FILTERED_DOMESTIC_PGS ,E803      
MER_025|No Transaction exists with given merchant id : MER0000005118097,FILTERED_DOMESTIC_PGS ,E803      
REDIRECT,H | UNKNOWN,E231      
AUCNEGATIVE,O8 | Do not retry,E303      
3DS_METHOD_NEGATIVE,Blc|204 | Blc|INVALID_REQUEST::Value '538952xxxxxx9037' is invalid. Invalid card number,E204      
EVERROR,50021 | Bad AcquiringBank configured for merchant_id(36413568) in pg_instance_id(37887779)!,E205      
ACS_REDIRECT,,EX149     
3DS_METHOD_POSITIVE,,E502      
REDIRECT,N:91:ERROR,E231      
ACS_REDIRECT,AUTHENTICATION_FAILED | Cardholder did not complete authentication | Transaction Error,E202      
AUCNEGATIVE,DECLINED (Exceeds withdrawal amount limit),E1703     
EVPOSITIVE,UNKNOWN_ERROR,E502      
REDIRECT,phonepe,E231      
AUCNEGATIVE,5102 | Transaction failed. ECI-7 transactions are not supported by merchant.,E303      
AUCNEGATIVE,201 | Required element missing,E335      
3DS_METHOD_NEGATIVE,IER | Unknown Host,E1905     
AUCNEGATIVE,Blc|202 | Blc|SERVER_FAILED::Please contact customer support quoting the support code.,E335      
ACS_REDIRECT,Allowable number of PIN tries exceeded,E1703     
3DS_METHOD_NEGATIVE,"INVALID_REQUEST | Value '559530xxxxxx6925' is invalid. The combination of currency, card type and transaction type is not supported by a Merchant Acquirer relationship",E501      
EVPOSITIVE,0 | OTP Generated Successfully,E1206     
ACS_REDIRECT,12 | Invalid transaction,E1206     
ACS_REDIRECT,65 | Exceeds withdrawal count limit / Withdrawal count limit exceeded,E1206     
ACS_REDIRECT,,E1610     
REDIRECT,N:-30052:Communication Error,E231      
3DS_CHALLENGE_NEGATIVE,912 | Transaction not permitted to cardholder,E231      
AUCNEGATIVE,N0 | Unable to authorize,E303      
AUCNEGATIVE,10004 | Invalid response from npci,E1617     
REDIRECT,N:ACCU700:Session validation failed,E231      
3DS_METHOD_POSITIVE,51 | Insufficient funds/over credit limit / Not sufficient funds,E706      
REDIRECT,N:-BEPG-0000006:Rupay check bin error,E1206     
AUCNEGATIVE,403 | Transient System Failure,E335      
ACS_REDIRECT,,E340      
,SYSTEM ERROR,E1703     
REDIRECT,UNKNOWN_ERROR,E1601     
,N:ACCU400:User was Inactive,E1206     
ACS_REDIRECT,Session expired for this transaction,E1703     
EVERROR,10004 | Internal server error in card info service,E1617     
3DS_METHOD_NEGATIVE,Blc|204 | Blc|INVALID_REQUEST::Value '547189xxxxxx4914' is invalid. Invalid card number,E204      
3DS_CHALLENGE_NEGATIVE,908 | No Card record,E231      
3DS_METHOD_NEGATIVE,Invalid Otp,E316      
3DS_METHOD_NEGATIVE,Blc|204 | Blc|Retrying due to IO Error at server,E204      
AUCNEGATIVE,405 | System connection failure.,E335      
3DS_METHOD_NEGATIVE,Blc|204 | Blc|INVALID_REQUEST::Value '567890xxxxxx8901' is invalid. Invalid card number,E204      
REDIRECT,55 | Invalid PIN,E710      
ACS_REDIRECT,Message Received Invalid,E500      
,,E000      
,,E307      
AUCERROR,|,E501      
3DS_CHALLENGE_NEGATIVE,PG_FAILED | Unable to parse authentication response,E219      
,Ibibo Code CC is not currently active on merchant,E6010     
ACS_REDIRECT,0 | ,E502      
3DS_CHALLENGE_NEGATIVE,AUTHENTICATION_FAILED | Cardholder did not complete authentication | Cardholder selected Cancel,E202      
AUCNEGATIVE,Element missing,E2502     
ACS_REDIRECT,GW00201 | Transaction not found,E231      
AUCNEGATIVE,908 | INVALID_TRANSACTION_TYPE,E207      
,,E903      
REDIRECT,0 | ,E502      
,Transaction cannot be completed,E1703     
,3D Secure authentication failed,E1703     
REDIRECT,Transaction cannot be completed,E1703     
AUCNEGATIVE,AUTHENTICATION_SUCCESSFUL|Transaction failed in Authorization,E308      
AUCNEGATIVE,908 | No Card record,E335      
,PG filtering based on Card SI PGs ,E803      
AUCNEGATIVE,12 | Transaction not permitted to cardholder,E1633     
EVERROR,50021 | XML Data Error - Invalid Parameter Value - ipaddress,E205      
ACS_REDIRECT,,E1206     
,Ibibo Code RUPAY is not currently active on merchant,E6010     
,Ibibo Code VISA is not currently active on merchant,E6010     
AUCNEGATIVE,19 | Exceeds ACS maximum challenges,E708      
,Disable pg down time handling on UI so marked as bounced.,E804      
EVNEGATIVE,96 | SYSTEM ERROR,E205      
3DS_CHALLENGE_NEGATIVE,AUTHENTICATION_FAILED | Cardholder did not complete authentication | Cardholder selected Cancel,E1633     
ALT_ID_PROV_ERROR,EA082|DPA entity data not found for the given clientId or dpaId in getDpaEntityData request.,EA082     
,REMOVED_HEADLESS_PGS ,E804      
3DS_VERIFICATION_NEGATIVE,Suspected fraud,E324      
,Bin used is blocked on platform,E6016     
AUCNEGATIVE,50822 | Processing error while provisioning Guest Checkout Token,E207      
AUCNEGATIVE,04 | Exceeds authentication frequency limit,E909      
REDIRECT,CA | Acquirer compliance,E231      
3DS_CHALLENGE_NEGATIVE,908 | Blc|Not Authenticated /Account Not Verified; Transaction denied,E317      
REDIRECT,Validation problem,E1703     
3DS_CHALLENGE_NEGATIVE,911 | Blc|Not Authenticated /Account Not Verified; Transaction denied,E317      
AUCNEGATIVE,Invalid Otp,E1206     
REDIRECT,Unable to get payer authentication,E1703     
REDIRECT,Exceeds withdrawal frequency limit,E1703     
3DS_CHALLENGE_NEGATIVE,TRANSACTION_INVALID,E202      
ALT_ID_PROV_ERROR,EA086|Not a mastercard or maestro,EA086     
AUCNEGATIVE,0 | ,E502      
AUCINVALID,0 | OTP Generated Successfully,E1601     
,DECLINED (cardholder not allowed),E1703     
AUCNEGATIVE,000 | Blc|SUCCESS,E317      
3DS_CHALLENGE_NEGATIVE,TRANSACTION_INVALID,E502      
ACS_REDIRECT,?:waiting authentication,E231      
EVERROR,10024 | Purpose of Authentication should not be Alt Id for International transactions!,E1101     
EVERROR,50021 | Bad Expiry year passed!,E205      
,DECLINED (lost card),E1703     
ACS_REDIRECT,Invalid Otp,E1602     
AUCNEGATIVE,Required element missing,E500      
REDIRECT,DECLINED (fraud),E1703     
3DS_METHOD_ERROR,,E214      
REDIRECT,UNKNOWN_ERROR,E1602     
,Mandatory Param Missing tavv,E1101     
AUCNEGATIVE,Blc|203 | Blc|result=FAILURE,E1633     
REDIRECT,SUCCESS,E1206     
3DS_METHOD_NEGATIVE,DAUTH | Transaction Declined By Payment Gateway.,E500      
AUCNEGATIVE,,E1302     
3DS_METHOD_POSITIVE,UNKNOWN_ERROR,E231      
3DS_CHALLENGE_NEGATIVE,919 | Blc|Not Authenticated /Account Not Verified; Transaction denied,E317      
AUCNEGATIVE,Unkonwn Error.,E500      
REDIRECT,Invalid account,E1703     
3DS_METHOD_NEGATIVE,INVALID_REQUEST | Invalid credentials.,E202      
AUCNEGATIVE,BEPG-0000006 | Check BIN call failed,E207      
AUCNEGATIVE,07 | Invalid transaction,E207      
,Exceeds withdrawal frequency limit,E1703     
AUCNEGATIVE,202 | FAILURE::AUTHENTICATION_REJECTED,E1633     
REDIRECT,,E1205     
ACS_REDIRECT,GW00555 | UNKNOWN,E1206     
3DS_VERIFICATION_NEGATIVE,Exceeds authentication frequency limit,E909      
3DS_CHALLENGE_NEGATIVE,AUTHENTICATION_FAILED | Cardholder did not complete authentication | Transaction Timed out at ACS - First CReq not received by ACS,E202      
EVNEGATIVE,VERMCC04 | Validation Error-MCC MisMatched,E226      
Get_cryptogram_failure,Ibibo Code CC is not currently active on merchant,E4932     
REDIRECT,57 | Transaction not permitted to issuer/cardholder,E231      
3DS_CHALLENGE_ERROR,,E214      
AUCERROR,0 | ,E214      
ALT_ID_PROV_ERROR,EA03|Technical error. Please try again,EA03      
,Unable to authorize,E1703     
,Processing error while provisioning Guest Checkout Token,E1703     
ALT_ID_PROV_ERROR,EA080|GENERIC_ERROR,EA080     
,DECLINED (fraud),E1703     
,DECLINED (restricted card),E1703     
AUCNEGATIVE,82 | UNKNOWN,E500      
,Mandatory Param Missing last4digits,E4510     
ACS_REDIRECT,N:-BEPG-0000017:Issuer authentication failure,E1206     
ACS_REDIRECT,,E1205     
EVNEGATIVE,BNF | Bin Not Found,E4934     
3DS_METHOD_NEGATIVE,,E316      
3DS_METHOD_POSITIVE,UNKNOWN_ERROR,E1206     
REDIRECT,EXPIRED CARD,E1703     
AUCNEGATIVE,12 | Invalid transaction,E207      
REDIRECT,N:-5014:Validation problem,E231      
AUCERROR,E101,E335      
3DS_CHALLENGE_NEGATIVE,Blc|203 | Blc|result=FAILURE,E317      
AUCNEGATIVE,Transaction cannot be completed,E1703     
AUCNEGATIVE,305 | Transaction ID has already been received and processed.,E335      
ACS_REDIRECT,91 | Issuer unavailable or switch inoperative,E231      
REDIRECT,N:93:Transaction cannot be completed,E231      
,No checking account,E1703     
ACS_REDIRECT,H | UNKNOWN,E231      
ACS_REDIRECT,14 | Invalid card number,E231      
EVNEGATIVE,,E231      
AUCNEGATIVE,305 | If in response to an AReq message: Cardholder Account Number is not in a range belonging to Issuer.,E335      
AUCNEGATIVE,Transient system failure,E500      
3DS_CHALLENGE_NEGATIVE,907 | Invalid transaction,E202      
AUCPOSITIVE,,E1205     
ACS_REDIRECT,The order already exists in the database.,E1703     
,PG filtering for AMEX ,E803      
AUCNEGATIVE,14 | Invalid card number (no such number),E1632     
REDIRECT,0 | OTP Generated Successfully,E1205     
,FILTERED_FOR_MERCHANT_CURRENCY ,E804      
AUCNEGATIVE,Merchant Category Code (MCC) not valid for Payment System,E500      
,N:-30051:Communication Error,E231      
REDIRECT,N:-BEPG-0000013:Rupay transaction error,E231      
AUCNEGATIVE,903 | Unsupported Device,E335      
REDIRECT,Rupay transaction error,E1703     
,N:ACCU800:General exception,E231      
REDIRECT,SERVER_FAILED | Please contact customer support quoting the support code.,E214      
3DS_METHOD_NEGATIVE,SERVER_FAILED | Please contact customer support quoting the support code.,E501      
AUCPOSITIVE,,E1206     
ACS_REDIRECT,Processing error while provisioning Guest Checkout Token,E1703     
AUCNEGATIVE,0 | ,E501      
ACS_REDIRECT,,SSER001   
AUCNEGATIVE,50822 | Processing error while provisioning Guest Checkout Token,E231      
AUCNEGATIVE,acctNumber,E500      
3DS_METHOD_NEGATIVE,"INVALID_REQUEST | Value '535398xxxxxx1066' is invalid. The combination of currency, card type and transaction type is not supported by a Merchant Acquirer relationship",E501      
EVPOSITIVE,65 | Exceeds withdrawal count limit / Withdrawal count limit exceeded,E909      
3DS_METHOD_NEGATIVE,SERVER_FAILED | Please contact customer support quoting the support code.,E214      
AUCNEGATIVE,50822 | Processing error while provisioning Guest Checkout Token,E303      
3DS_CHALLENGE_NEGATIVE,101 | RReq is not available,E231      
EVNEGATIVE,Marking transaction as dropped - CS,E231      
,Ibibo Code NOT_AVAILABLE is not currently active on merchant,E6010     
AUCNEGATIVE,The order already exists in the database.,E1703     
AUCNEGATIVE,,E1601     
ALT_ID_PROV_ERROR,EA085|issuer_not_supported,EA085     
ACS_REDIRECT,Blc|0 | Blc|SUCCESS,E1206     
AUCNEGATIVE,Session timed out,E231      
ACS_REDIRECT,Invalid Input Parameter For Guest Checkout Transaction | UNKNOWN,E500      
AUCNEGATIVE,5003 | The order already exists in the database.,E1206     
REDIRECT,65 | Exceeds withdrawal count limit / Withdrawal count limit exceeded,E909      
AUCNEGATIVE,Message Version Number received is not valid for the receiving component.,E500      
ACS_REDIRECT,DECLINED (stolen),E1703     
3DS_METHOD_POSITIVE,AUTHENTICATION_FAILED | Cardholder did not complete authentication | Transaction Error,E202      
AUCNEGATIVE,Invalid Otp,SSER001   
3DS_CHALLENGE_NEGATIVE,408 | PrqFrq request timedout!,E712      
3DS_METHOD_POSITIVE,61 | Exceeds withdrawal amount limit(s) / Withdrawal amount limit exc | Decline - The card has reached the credit limit.,E000      
AUCNEGATIVE,101 | Blc|Not Authenticated /Account Not Verified; Transaction denied,E1633     
3DS_CHALLENGE_NEGATIVE,TRANSACTION_INVALID,E501      
EVERROR,50021 | Bad AcquiringBank configured for merchant_id(50756239) in pg_instance_id(37887779)!,E205      
REDIRECT,0 | OTP Generated Successfully,
3DS_METHOD_POSITIVE,,
AUCNEGATIVE,DECLINED (cardholder not allowed),E1703     
MER_025|No Transaction exists with given merchant id : MER0000005118097,PG filtering based on KTB Bin Routing ,E803      
AUCNEGATIVE,,E1608     
AUCNEGATIVE,QR,E501      
AUCNEGATIVE,203 | Data element not in the required format.,E335      
EVERROR,10024 | Card Information not found,E1101     
3DS_CHALLENGE_NEGATIVE,"PG_FAILED | Attempts Processing Performed. Authentication could not be completed, but a proof of authentication attempt (CAVV) was generated.",E316      
,Transaction timed out,E1703     
EVNEGATIVE,101 | Message not recognised,E335      
AUCPOSITIVE,Marking transaction as dropped - CSW,E1206     
AUCNEGATIVE,N:93:Transaction cannot be completed,E231      
AUCNEGATIVE,,E2100     
,N:-5110:Cardholder did not return from Rupay,E231      
,PG filtering based on Card SI PGs ,E501      
3DS_METHOD_NEGATIVE,3DS206 | ,E500      
AUCNEGATIVE,T8 | Invalid account,E303      
EVNEGATIVE,922 | ACS technical issue,E335      
3DS_CHALLENGE_NEGATIVE,983 | Blc|Not Authenticated /Account Not Verified; Transaction denied,E317      
AUCNEGATIVE,Message not recognised,E500      
ACS_REDIRECT,,E000      
3DS_CHALLENGE_NEGATIVE,901 | Card authentication failed,E1206     
AUCNEGATIVE,57 | Transaction not permitted to issuer/cardholder,E231      
ACS_REDIRECT,Json processing,E000      
ALT_ID_PROV_ERROR,"EA080|Exceeded configured rate limit for the API, please try again later",EA080     
AUCERROR,"10024 | Unable to process the transaction, Invalid Response from NPCI",E303      
ACS_REDIRECT,14 | Invalid card number,E1206     
3DS_METHOD_POSITIVE,,E1611     
3DS_METHOD_NEGATIVE,"INVALID_REQUEST | Value '478896xxxxxx8844' is invalid. The combination of currency, card type and transaction type is not supported by a Merchant Acquirer relationship",E501      
AUCNEGATIVE,82 | No security module,E313      
AUCNEGATIVE,"INVALID_REQUEST | Value '2741401246...1815942193' is invalid. A transaction with this transaction ID has already been processed but the request parameters do not match. To process a new transaction for this order, the transaction.id must be unique for the",E202      
3DS_METHOD_POSITIVE,000 | Blc|SUCCESS,E1602     
AUCNEGATIVE,N:51:NON SUFFICIENT FUNDS,E231      
ACS_REDIRECT,P9 | Enter lesser amount,E231      
AUCNEGATIVE,87 | UNKNOWN,E1633     
EVERROR,15093 | violation,E205      
3DS_METHOD_POSITIVE,Message Received Invalid,E500      
VERERROR,Verification | failed | Key encData not present,E202      
3DS_METHOD_NEGATIVE,Blc|204 | Blc|Services are unavailable. Please try again later.,E204      
3DS_VERIFICATION_NEGATIVE,,E231      
3DS_METHOD_NEGATIVE,"INVALID_REQUEST | Value '433187xxxxxx9523' is invalid. The combination of currency, card type and transaction type is not supported by a Merchant Acquirer relationship",E501      
AUCNEGATIVE,55 | Incorrect personal identification number,E710      
ACS_REDIRECT,INVALID_REQUEST | Invalid credentials.,E202      
AUCNEGATIVE,305 | Transaction Data Not Valid,E335      
REDIRECT,N:-50822:Processing error while provisioning Guest Checkout Token,E231      
3DS_METHOD_NEGATIVE,,E219      
3DS_VERIFICATION_NEGATIVE,E303 | SUCCESS,E000      
3DS_CHALLENGE_NEGATIVE,402 | Blc|Not Authenticated /Account Not Verified; Transaction denied,E317      
REDIRECT,Invalid amount,E1703     
REDIRECT,GW00555 | UNKNOWN,E231      
REDIRECT,Compliance error code for LMM,E1703     
3DS_CHALLENGE_NEGATIVE,PROCEED,E317      
,Ibibo Code NULL is not currently active on merchant,E6010     
REDIRECT,Rupay authentication error,E1703     
,UNKNOWN,E500      
ALT_ID_PROV_ERROR,EA03 | Technical error. Please try again,EA03      
AUCNEGATIVE,?:waiting authentication,E231      
,EXPIRED CARD,E1703     
REDIRECT,000 | Blc|SUCCESS,E502      
REDIRECT,N:93:Transaction cannot be completed,E1206     
AUCNEGATIVE,"Blc|202 | Blc|Invalid threeDSServerTransID, not found in transaction",E335      
,Issuer not available,E1703     
EVNEGATIVE, | ,E500      
ACS_REDIRECT,?:waiting authentication,E1206     
REDIRECT,N:-5110:Cardholder did not return from Rupay,E231      
3DS_METHOD_NEGATIVE,Blc|204 | Blc|INVALID_REQUEST::Value '529153xxxxxx2028' is invalid. Invalid card number,E204      
ACS_REDIRECT,Invalid transaction,E1703     
REDIRECT,,E502      
AUCNEGATIVE,404 | Unkonwn Error.,E207      
,N:-BEPG-0000017:Issuer authentication failure,E231      
3DS_CHALLENGE_POSITIVE,Marking transaction as dropped - CSW,E000      
REDIRECT,,E503      
AUCNEGATIVE,INVALID_REQUEST|AUTHENTICATION_INVALID_DATA_ERROR,E915      
3DS_CHALLENGE_NEGATIVE,51 | Retry the transaction later,E335      
EVPOSITIVE,Marking transaction as dropped - CSW,E231      
AUCNEGATIVE,UNKNOWN_ERROR,E1101     
3DS_METHOD_POSITIVE,AUTHORIZED,E000      
AUCNEGATIVE,Wrong transaction state,E000      
3DS_METHOD_NEGATIVE,INVALID_REQUEST | Value '220432xxxxxx6229' is invalid. value: 220432xxxxxx6229 - reason: Invalid card number,E501      
AUCNEGATIVE,901 | INVALID_TRANSACTION_TYPE,E231      
AUCNEGATIVE,System Connection Failure,E500      
AUCNEGATIVE,101 | Message not recognised,E335      
3DS_VERIFICATION_NEGATIVE,CURL_CALL_FAILURE,E231      
,Compliance error code for LMM,E1703     
AUCNEGATIVE,0 | OTP Generated Successfully,10004     
EVNEGATIVE,10004 | Invalid response from npci,E1617     
EVNEGATIVE,10004 | Something went wrong in generate otp request,E1617     
REDIRECT,Pick-up,E1703     
AUCNEGATIVE,SERVER_FAILED | Please contact customer support quoting the support code.,E207      
AUCNEGATIVE,56 | No card record,E4346     
3DS_VERIFICATION_NEGATIVE,Suspected fraud,E1633     
REDIRECT,70 | PIN data required,E1629     
3DS_CHALLENGE_NEGATIVE,408 | Blc|Unknown Error. Transaction Failed. Please try again later.,E317      
REDIRECT,phonepe,E507      
AUCNEGATIVE,Permanent system failure.,E500      
,N:51:NON SUFFICIENT FUNDS,E231      
,Ibibo Code UNKN is not currently active on merchant,E6010     
REDIRECT,04 | Pick Up Card,E310      
ACS_REDIRECT,googlepay,E501      
3DS_CHALLENGE_NEGATIVE,000 | Success,E231      
ACS_REDIRECT,No Error,E000      
AUCNEGATIVE,N:-BEPG-0000017:Issuer authentication failure,E231      
,,E6005     
REDIRECT,N:-BEPG-0000006:Rupay check bin error,E231      
AUCNEGATIVE,404 | Unkonwn Error.,E231      
AUCNEGATIVE,983 | INVALID_TRANSACTION_TYPE,E207      
3DS_CHALLENGE_NEGATIVE,983 | Declined by DS - DS dropped reason code received from ACS,E202      
REDIRECT,DECLINED (lost card),E1703     
,Expired card,E1703     
ALT_ID_PROV_ERROR,EA081|The network token provision request contained data that could not be verified,E000      
AUCNEGATIVE,50716 | Transaction declined. 3D Secure authentication failed.,E1206     
AUCNEGATIVE,,SSER001   
AUCNEGATIVE,96 | SYSTEM ERROR,E231      
REDIRECT,0 | ,
,N:91:Issuer not available,E231      
AUCNEGATIVE,,E502      
AUCNEGATIVE,402 | Blc|Not Authenticated /Account Not Verified; Transaction denied,E317      
AUCNEGATIVE,Cardholder Account Number is not in a range belonging to Issuer,E500      
3DS_CHALLENGE_NEGATIVE,T5 | Check for New information before retry,E335      
AUCNEGATIVE,5003 | The order already exists in the database.,E303      
EVPOSITIVE,62 | Restricted card,E1206     
AUCNEGATIVE,"INVALID_REQUEST | Value '2763526091...3072537053' is invalid. A transaction with this transaction ID has already been processed but the request parameters do not match. To process a new transaction for this order, the transaction.id must be unique for the",E202      
REDIRECT,Blc|0 | Blc|SUCCESS,E501      
3DS_METHOD_NEGATIVE,"Blc|204 | Blc|INVALID_REQUEST::Value '356867xxxxxx2419' is invalid. The combination of currency, card type and transaction type is not supported by a Merchant Acquirer relationship",E204      
ACS_REDIRECT,N:-BEPG-0000013:Rupay transaction error,E231      
3DS_METHOD_NEGATIVE,AUTHENTICATION_INVALID_REQUEST_ERROR,E914      
ACS_REDIRECT,phonepe,E507      
3DS_CHALLENGE_NEGATIVE,PG_FAILED | Authentication Failed,E6009     
3DS_METHOD_POSITIVE,"Value '2735162399...1410627098' is invalid. Only authentication.3ds2.transactionStatus values of ""Y"", ""N"", ""U"", ""I"" or ""A"" may be provided on a financial transaction",E1602     
EVPOSITIVE,UNKNOWN_ERROR,E1602     
AUCNEGATIVE,0 | ,E340      
REDIRECT,"36 | Restricted Card, Retain Card",E231      
AUCNEGATIVE,82 | Policy (Mastercard use only),E1633     
3DS_METHOD_ERROR,,E4506     
ACS_REDIRECT,P9 | Enter lesser amount,E1206     
3DS_CHALLENGE_NEGATIVE,"984 | Declined by DS - Challenge Cancelation Indicator populated, therefore did not route to Smart Authentication Stand-In",E202      
REDIRECT,N:-5014:Validation problem,E1206     
ACS_REDIRECT,91 | Issuer unavailable or switch inoperative,E1206     
AUCNEGATIVE,203 | Format of one or more elements is invalid according to the specification,E335      
,N:93:Transaction cannot be completed,E1206     
3DS_CHALLENGE_NEGATIVE,"984 | Blc|Authentication/Account Verification Could Not Be Performed; Technical or other problem, as indicated in ARes or RReq.",E317      
EVPOSITIVE,72 | UNKNOWN_ERROR,E501      
AUCNEGATIVE,ACS temporary unavailable,E500      
AUCNEGATIVE, | ,E1633     
ACS_REDIRECT,N:-5014:Validation problem,E1206     
ALT_ID_PROV_ERROR,EA022|Expiry year is Invalid. Please check and initiate again,EA022     
REDIRECT,D1 | UNKNOWN,E231      
EVPOSITIVE,000 | Blc|SUCCESS,E502      
REDIRECT,30 | Format error,E231      
3DS_METHOD_POSITIVE,62 | Restricted card | Decline - General decline of the card. No other information provided by the issuing bank.,E1626     
3DS_VERIFICATION_NEGATIVE,System Error response from ACS,E1633     
3DS_METHOD_POSITIVE,,E1302     
ACS_REDIRECT,T5 | CAF status = 0 or 9,E231      
AUCNEGATIVE,BEPG-0000006 | Check BIN call failed,E231      
AUCNEGATIVE,UNKNOWN,E500      
3DS_METHOD_NEGATIVE,"INVALID_REQUEST | Value '519537xxxxxx6381' is invalid. The combination of currency, card type and transaction type is not supported by a Merchant Acquirer relationship",E501      
AUCNEGATIVE,EXPIRED CARD,E1703     
EVERROR,50021 | kindly provide token authentication value if your passing Y in ext10.,E205      
3DS_METHOD_NEGATIVE,"Blc|204 | Blc|INVALID_REQUEST::Value '354059xxxxxx1195' is invalid. The combination of currency, card type and transaction type is not supported by a Merchant Acquirer relationship",E204      
AUCNEGATIVE,SERVER_ERROR|,E208      
AUCNEGATIVE,12 | Transaction not permitted to cardholder,E1642     
EVERROR,15400 | general,E308      
AUCNEGATIVE,Invalid Otp,E231      
3DS_CHALLENGE_NEGATIVE,AUTHENTICATION_FAILED | Cardholder did not complete authentication,E207      
AUCNEGATIVE,06 | Invalid card number,E305      
ALT_ID_PROV_ERROR,EA084|PAN Ineligible,EA084     
,FILTERED_DOMESTIC_PGS ,E803      
ALT_ID_PROV_ERROR,EA06|AUTHREFNO_INVALID,EA06      
,,E802      
,Do not honour,E1703     
REDIRECT,SUCCESS,E231      
,,E6005     
ALT_ID_PROV_ERROR,EA081|Invalid / Missing Field :: card expiry,EA081     
AUCNEGATIVE,911 | Suspected fraud,E335      
3DS_METHOD_POSITIVE,,E502      
REDIRECT,Do not honour,E1703     
EVERROR,50021 | Issuer Authentication Server failure,E205      
AUCNEGATIVE,,E000      
AUCNEGATIVE,101,E335      
3DS_CHALLENGE_NEGATIVE,AUTHENTICATION_FAILED | Cardholder did not complete authentication | Transaction Error,E202      
ALT_ID_PROV_ERROR,EA086|Action cannot be performed as the payment-credential request for the token was declined,EA086     
AUCNEGATIVE,918 | Very High confidence,E335      
REDIRECT,Processing error while provisioning Guest Checkout Token,E1703     
3DS_CHALLENGE_NEGATIVE,901 | Card authentication failed,E231      
AUCPOSITIVE,,E231      
3DS_METHOD_NEGATIVE,Blc|204 | Blc|INVALID_REQUEST::Invalid credentials.,E204      
ALT_ID_PROV_ERROR,UNKNOWN_ERROR,E501      
EVPOSITIVE,,E308      
AUCNEGATIVE,0 | ,E1650     
AUCNEGATIVE,51 | Retry the transaction later,E706      
3DS_CHALLENGE_NEGATIVE,AUTHENTICATION_FAILED | Cardholder did not complete authentication | Transaction Error,E1633     
AUCNEGATIVE,Invalid Otp,E503      
ACS_REDIRECT,Transaction cannot be completed,E1703     
REDIRECT,Bad Track Data,E1703     
ACS_REDIRECT,,E1602     
3DS_VERIFICATION_NEGATIVE,0,E1206     
REDIRECT,FRAUD - card function blocked,E1703     
3DS_VERIFICATION_NEGATIVE,Transaction timed out at the ACS,E1633     
3DS_METHOD_NEGATIVE,EMV3DSNS | ,E500      
,,E501      
ACS_REDIRECT,N:-BEPG-0000017:Issuer authentication failure,E231      
EVNEGATIVE,10024 | Merchant is not active,E1101     
3DS_CHALLENGE_NEGATIVE,AUTHENTICATION_FAILED | Cardholder did not complete authentication | Transaction Timed out at ACS - First CReq not received by ACS,E1633     
REDIRECT,N:ACCU800:General exception,E231      
ACS_REDIRECT,GW00555 | UNKNOWN,E231      
REDIRECT,DECLINED (cardholder not allowed),E1703     
,Rupay check bin error,E1703     
3DS_CHALLENGE_NEGATIVE,912 | Transaction not permitted to cardholder,E202      
,,EX312     
AUCNEGATIVE,922 | INVALID_TRANSACTION_TYPE,E207      
AUCNEGATIVE,14 | Transaction timed out at the ACS,E231      
AUCERROR,CURL_CALL_FAILURE,E214      
AUCERROR,"Cannot invoke ""com.payu.cardsservice.cards.dto.response.common.FormPost.getPostUri()"" because the return value of ""com.payu.cardsservice.cards.dto.response.common.Data.getFormPost()"" is null",E231      
EVERROR,10004 | Unable to reach card information service,E1617     
REDIRECT,,E308      
3DS_METHOD_NEGATIVE,AUTHENTICATION_INVALID_DATA_ERROR,E915      
AUCNEGATIVE,00 | Authentication Request Successful,E1601     
ACS_REDIRECT,,
REDIRECT,Format error,E1703     
REDIRECT,The order already exists in the database.,E1703     
AUCNEGATIVE,915 | Low confidence,E335      
3DS_CHALLENGE_NEGATIVE,922 | Blc|Not Authenticated /Account Not Verified; Transaction denied,E317      
3DS_METHOD_POSITIVE,,E501      
ACS_REDIRECT,000 | Blc|SUCCESS,E308      
AUCNEGATIVE,Session timed out,E000      
REDIRECT,0 | OTP Generated Successfully,E1206     
EVNEGATIVE,912 | Transaction not permitted to cardholder,E335      
EVNEGATIVE,10004 | INTERNAL_SERVER_ERROR,E1617     
,Session validation failed,E1703     
REDIRECT,05 | Do not honor,E231      
,Application error,E231      
ACS_REDIRECT,Invalid Otp,E308      
ACS_REDIRECT,Invalid Otp,E503      
AUCNEGATIVE,83 | System Error response from ACS,E208      
3DS_METHOD_POSITIVE,Invalid Otp,E1602     
,DECLINED (Exceeds withdrawal amount limit),E1703     
EVNEGATIVE,93 | Ecommerce Not Enabled,E205      
AUCINVALID,Invalid Otp,E1601     
,Ibibo Code SODEXO is not currently active on merchant,E6010     
3DS_CHALLENGE_NEGATIVE,000 | Blc|Not Authenticated /Account Not Verified; Transaction denied,E317      
AUCNEGATIVE,101 | Invalid Message Type,E207      
ACS_REDIRECT,AUTHORIZED,E000      
EVNEGATIVE,413 | INVALID CVD2,E205      
3DS_CHALLENGE_NEGATIVE,926 | Authentication attempted but not performed by the cardholder,E202      
3DS_METHOD_POSITIVE,Marking transaction as dropped - CS,E231      
REDIRECT,N:ACCU800:General exception,E1206     
EVPOSITIVE,,E1303     
3DS_VERIFICATION_NEGATIVE,Invalid card number,E305      
AUCNEGATIVE,03 | Invalid merchant,E341      
3DS_VERIFICATION_NEGATIVE,Low confidence,E4001     
REDIRECT,Cancelled by user,E1703     
AUCNEGATIVE,87 | Bad Track Data,E9224     
Get_cryptogram_failure,Mandatory Param Missing for Token txn store_card_token,E4932     
,Rupay authentication error,E1703     
AUCNEGATIVE,Not a MasterCard supported card range.,E500      
3DS_METHOD_POSITIVE,,E1206     
,Ibibo Code DC is not currently active on merchant,E6010     
3DS_VERIFICATION_NEGATIVE,RREQ_NOT_RECEIVED,E1633     
3DS_VERIFICATION_NEGATIVE,UNKNOWN,E1633     
ACS_REDIRECT,,E231      
AUCNEGATIVE,910 | Stolen card,E335      
AUCNEGATIVE,UNKNOWN_ERROR,E000      
REDIRECT,3DSecure authentication failed,E1703     
ACS_REDIRECT,Do not honour,E1703     
ACS_REDIRECT,J | UNKNOWN,E231      
ACS_REDIRECT,TRANSACTION_INVALID,E1206     
AUCNEGATIVE,922 | ACS technical issue,E335      
ACS_REDIRECT,Issuer authentication failure,E1703     
AUCNEGATIVE,GW00201 | Transaction not found,E1206     
REDIRECT,,E1903     
AUCNEGATIVE,device.browserDetails.language,E1302     
3DS_METHOD_NEGATIVE,412 | Transaction got declined at issuer.,E207      
3DS_VERIFICATION_NEGATIVE,Cardholder not enrolled in service,E1302     
3DS_VERIFICATION_NEGATIVE,RREQ_NOT_RECEIVED,E000      
AUCNEGATIVE,O8 | Do not retry,E207      
EVNEGATIVE,408 | ,E712      
,DECLINED (stolen),E1703     
3DS_VERIFICATION_NEGATIVE,,E308      
AUCINVALID,Invalid Otp,E000      
AUCNEGATIVE,93 | Transaction cannot be completed; violation of law,E231      
AUCNEGATIVE,912 | INVALID_TRANSACTION_TYPE,E231      
AUCNEGATIVE,51 | Retry the transaction later,E303      
REDIRECT,N:61:DECLINED (Exceeds withdrawal amount limit),E231      
,FILTERED_FOR_MCP ,E804      
ACS_REDIRECT,00 | Authentication Request Successful,E501      
REDIRECT,,E202      
AUCNEGATIVE,5002 | The merchant is not setup to support the requested service.,E207      
EVERROR,14004 | Failed to process the transaction.,E205      
,N:61:DECLINED (Exceeds withdrawal amount limit),E231      
AUCNEGATIVE,96 | SYSTEM ERROR,E4158     
AUCNEGATIVE,Transaction data not valid.,E500      
ALT_ID_PROV_ERROR,EA080|I9001,EA080     
AUCNEGATIVE,Data element not in the required format,E500      
,,EX149     
AUCNEGATIVE,05 | Do not honor,E231      
EVNEGATIVE,Blc|202 | Blc|Transaction processed for 3D Secure/Bank's Page. Waiting for Verification OTP/Password verification.,E335      
AUCNEGATIVE,62 | Restricted card,E1206     
EVPOSITIVE,K | UNKNOWN,E231      
AUCPOSITIVE,AUTHENTICATION_SUCCESSFUL | 100,E1303     
AUCNEGATIVE,404 | Unkonwn Error.,E335      
REDIRECT,No security module,E1703     
REDIRECT,,E1303     
ALT_ID_PROV_ERROR,|DpaId on-boarding in progress,          
ACS_REDIRECT,genericintent,E501      
AUCNEGATIVE,Permanent System Failure,E500      
REDIRECT,Session expired for this transaction,E1703     
3DS_METHOD_NEGATIVE,"Blc|204 | Blc|INVALID_REQUEST::Value '354047xxxxxx1097' is invalid. The combination of currency, card type and transaction type is not supported by a Merchant Acquirer relationship",E204      
AUCNEGATIVE,203 | Some fields are not valid,E335      
AUCNEGATIVE,10 | Stolen card,E1633     
REDIRECT,UNKNOWN_ERROR,E000      
3DS_METHOD_POSITIVE,UNKNOWN_ERROR,E000      
,Application error,E000      
,PG filtering based on FILTERED_FOR_SDK_3DSS_DECOUPLED_AUTH ,E803      
REDIRECT,N:-BEPG-0000015:Rupay authentication error,E231      
REDIRECT,No checking account,E1703     
REDIRECT,000 | Blc|SUCCESS,E1602     
,Ibibo Code UNIONPAY is not currently active on merchant,E6010     
REDIRECT,Invalid card number (no such Number),E1703     
REDIRECT,,E231      
REDIRECT,N:ACCU200:User Pressed cancel button,E231      
3DS_VERIFICATION_NEGATIVE,Invalid card number,E1633     
,FILTERED_FOR_MERCHANT_CURRENCY ,E803      
ACS_REDIRECT,GW00462 | Invalid Tranportal Password.,E1206     
ACS_REDIRECT,51 | Insufficient funds/over credit limit / Not sufficient funds,E1206     
AUCNEGATIVE,GW00201 | Transaction not found,E000      
AUCNEGATIVE,O6 | Suspected Fraud. Do not retry,E207      
3DS_METHOD_POSITIVE,Cancel api failed with response decision as  and reason code ,E1206     
REDIRECT,QR,E501      
AUCNEGATIVE,201 | acsReferenceNumber,E207      
3DS_CHALLENGE_ERROR,UNKNOWN_ERROR,E1633     
AUCNEGATIVE,T5 | Check for New information before retry,E9248     
REDIRECT,N:ACCU200:User Pressed cancel button,E1206     
AUCNEGATIVE,913 | Cardholder not enrolled in service,E335      
REDIRECT,No card record,E1703     
REDIRECT,DECLINED (terminal not allowed),E1703     
,Mandatory Param Missing for Token txn store_card_token,E1101     
,N:ACCU200:User Pressed cancel button,E231      
REDIRECT,Transaction Completed,E000      
AUCNEGATIVE,914 | INVALID_TRANSACTION_TYPE,E207      
REDIRECT,57 | Transaction not permitted to issuer/cardholder,E1642     
AUCNEGATIVE,87 | No Envelope Inserted,E231      
ACS_REDIRECT,Blc|0 | Blc|SUCCESS,E231      
AUCNEGATIVE,412 | Issuer Authentication Server failure,E4934     
AUCNEGATIVE,403 | BANK API error occurred,E207      
AUCNEGATIVE,56 | DECLINED (no card),E4346     
3DS_VERIFICATION_NEGATIVE,No Card Record,E1633     
3DS_CHALLENGE_NEGATIVE,05 | Do not honour,E335      
AUCNEGATIVE,05 | Do not honour,E307      
AUCNEGATIVE,,E317      
,Invalid card number (no such Number),E1703     
AUCNEGATIVE,305 | Cardholder Account Number is not in a range belonging to Issuer,E335      
AUCNEGATIVE,301 | Transaction ID is recognised as a duplicate.,E335      
,DECLINED (terminal not allowed),E1703     
REDIRECT,N:-5014:Validation problem,E308      
AUCNEGATIVE,Duplicate transaction,E500      
,PG filtering based on AltId supported PGs ,E803      
AUCNEGATIVE,405 | System Connection Failure,E207      
AUCNEGATIVE,405,E335      
AUCNEGATIVE,402 | DS Response is blank,E335      
VERERROR,Verification | failed | Key encData not present,E231      
ACS_REDIRECT,AUTHENTICATION_SUCCESSFUL|Transaction failed in Authorization,E308      
REDIRECT,paytm,E501      
EVERROR,10004 | Could not get the proper response from NPCI,E1617     
3DS_METHOD_NEGATIVE,"Blc|204 | Blc|INVALID_REQUEST::Value '355193xxxxxx4792' is invalid. The combination of currency, card type and transaction type is not supported by a Merchant Acquirer relationship",E204      
ACS_REDIRECT,,E1206     
AUCNEGATIVE,Format of one or more elements is invalid according to the specification.,E500      
REDIRECT,Mobile number record not found/ mis-match,E1703     
AUCNEGATIVE,65 | Exceeds withdrawal frequency limit,E909      
ACS_REDIRECT,57 | Transaction not permitted to issuer/cardholder,E231      
REDIRECT,Application error,E000      
ACS_REDIRECT,QR,E308      
AUCNEGATIVE,101 | Invalid Message Type,E231      
EVPOSITIVE,,
3DS_METHOD_POSITIVE,,E1608     
ACS_REDIRECT,Issuer not available,E1703     
ACS_REDIRECT,QR,E501      
EVPOSITIVE,0 | OTP Generated Successfully,E502      
3DS_METHOD_NEGATIVE,"INVALID_REQUEST | Value '492125xxxxxx2047' is invalid. The combination of currency, card type and transaction type is not supported by a Merchant Acquirer relationship",E501      
ACS_REDIRECT,51 | Insufficient funds/over credit limit / Not sufficient funds,E231      
ACS_REDIRECT,CA | Acquirer compliance,E1206     
AUCNEGATIVE,200 | Blc|Unknown Error. Transaction Failed. Please try again later.,E335      
REDIRECT,0 | OTP Generated Successfully,E501      
REDIRECT,?:waiting authentication,E308      
ALT_ID_PROV_ERROR,EA080|I0001,EA080     
,Transaction Completed,E000      
REDIRECT,T8 | UNKNOWN,E231      
ACS_REDIRECT,UNKNOWN_ERROR,E231      
REDIRECT,DECLINED (restricted card),E1703     
,Invalid data was posted to Issuer,E1703     
3DS_CHALLENGE_NEGATIVE,SECURE_3D_AUTHENTICATION_ERROR,E317      
3DS_CHALLENGE_NEGATIVE,907 | Blc|Not Authenticated /Account Not Verified; Transaction denied,E317      
AUCNEGATIVE,910 | INVALID_TRANSACTION_TYPE,E207      
ACS_REDIRECT,Invalid Otp,E231      
REDIRECT,GW00201 | Transaction not found,E000      
REDIRECT,GW00201 | Transaction not found,E1903     
REDIRECT,Invalid merchant,E1703     
REDIRECT,Session validation failed,E1703     
3DS_METHOD_POSITIVE,,E000      
EVPOSITIVE,GW00462 | Invalid Tranportal Password.,E231      
ACS_REDIRECT,,E502      
EVERROR,50021 | Bad AcquiringBank configured for merchant_id(83992952) in pg_instance_id(37887779)!,E205      
AUCERROR,,E214      
,,E502      
REDIRECT,UNKNOWN,E500      
REDIRECT,UNKNOWN_ERROR,E1206     
,,
,Invalid merchant,E1703     
3DS_CHALLENGE_NEGATIVE,AUTHENTICATION_FAILED | Cardholder did not complete authentication | Cardholder selected Cancel,E207      
AUCNEGATIVE,Blc|202 | Blc|FAILURE::DO_NOT_PROCEED,E335      
AUCPOSITIVE,,E503      
3DS_CHALLENGE_NEGATIVE,50716 | Transaction declined. 3D Secure authentication failed.,E335      
,General exception,E1703     
EVERROR,10004 | Something went wrong in checkbin request,E1617     
AUCNEGATIVE,Message received invalid,E500      
,Ibibo Code UNKNOWN is not currently active on merchant,E6010     
3DS_METHOD_NEGATIVE,Blc|204 | Blc|INVALID_REQUEST::Value '222841xxxxxx8081' is invalid. Invalid card number,E204      
AUCNEGATIVE,T8 | Invalid account,E207      
AUCNEGATIVE,,E308      
AUCNEGATIVE,Blc|202 | Blc|Transaction Failed  Please contact with admin.,E335      
EVNEGATIVE,DOI | Validation Error-Duplicate Order Id Received,E500      
3DS_METHOD_NEGATIVE,96 | Issuer System Failure,E500      
AUCNEGATIVE,Transient System Failure,E500      
AUCNEGATIVE,983 | Declined by DS - DS dropped reason code received from ACS,E335      
,,E1660     
ACS_REDIRECT,19 | Re-enter Transaction | Decline - General decline of the card. No other information provided by the issuing bank.,E345      
AUCNEGATIVE,T5 | Check for New information before retry,E303      
AUCNEGATIVE,305 | Transaction ID has already been received and processed.,E231      
3DS_METHOD_NEGATIVE,3DS201 | ,E213      
,Invalid account,E1703     
,N:57:DECLINED (cardholder not allowed),E231      
REDIRECT,Validation problem,E000      
,Format error,E1703     
EVNEGATIVE,RTO | Network Read Time Out,E1001     
,Ibibo Code BAJA is not currently active on merchant,E6010     
3DS_VERIFICATION_NEGATIVE,0,E328      
3DS_METHOD_NEGATIVE,3DS222 | ,E500      
AUCNEGATIVE,"Access denied, invalid endpoint",E500      
3DS_CHALLENGE_NEGATIVE,TRANSACTION_INVALID,E1602     
EVPOSITIVE,57 | Transaction not permitted to issuer/cardholder,E1642     
AUCNEGATIVE,910 | INVALID_TRANSACTION_TYPE,E231      
ALT_ID_PROV_ERROR,EA087|invalid_crypto_response,EA087     
AUCNEGATIVE,02 | UNKNOWN,E500      
REDIRECT,Application error,E308      
ACS_REDIRECT,Disable pg down time handling on UI so marked as bounced.,E804      
EVNEGATIVE,SERVER_FAILED | Please contact customer support quoting the support code.,E214      
3DS_CHALLENGE_POSITIVE,Marking transaction as dropped - CSW,E1206     
AUCNEGATIVE,15 | HISO_INDIA,E305      
EVPOSITIVE,00 | Approved or completed successfully,E000      
AUCNEGATIVE,00 | Authentication Request Successful,E905      
AUCNEGATIVE,922 | INVALID_TRANSACTION_TYPE,E231      
AUCNEGATIVE,47 | BIN is blocked,E207      
AUCNEGATIVE,08 | No Card Record,E1633     
3DS_METHOD_POSITIVE,"INVALID_REQUEST | Value '2741821019...1837112895' is invalid. Only authentication.3ds2.transactionStatus values of ""Y"", ""N"", ""U"", ""I"" or ""A"" may be provided on a financial transaction",E202      
EVNEGATIVE,901 | Card authentication failed,E335      
AUCNEGATIVE,305 | Cardholder Account Number is not in a range belonging to Issuer.,E335      
REDIRECT,N:-30051:Communication Error,E231      
EVERROR,15417 | Duplicate requestID,E504      
EVNEGATIVE,10004 | Could not get the proper response from NPCI,E1617     
AUCNEGATIVE,302,E335      
,3DSecure authentication failed,E1703     
,,E1602     
ACS_REDIRECT,00 | Authentication Request Successful,E1611     
ACS_REDIRECT,GW00201 | Transaction not found,E000      
AUCNEGATIVE,Transaction ID received is not valid for the receiving component,E500      
3DS_VERIFICATION_NEGATIVE,Expired card,E311      
,Issuer Compliance,E1703     
AUCNEGATIVE,Blc|203 | Blc|response.gatewayRecommendation=DO_NOT_PROCEED,E1633     
ACS_REDIRECT,SECURE_3D_AUTHENTICATION_ERROR,E317      
AUCNEGATIVE,50716 | Transaction declined. 3D Secure authentication failed.,E303      
REDIRECT,GENERAL ERROR,E1703     
EVPOSITIVE,51 | Insufficient funds/over credit limit / Not sufficient funds,E706      
EVNEGATIVE,410 | Invalid BIN,E337      
AUCNEGATIVE,Invalid transaction,E1703     
,N:05:Do not honour,E1206     
3DS_VERIFICATION_NEGATIVE,Stolen card,E310      
EVPOSITIVE,62 | Restricted card,E231      
REDIRECT,0 | OTP Generated Successfully,E1601     
AUCERROR, | ,E303      
REDIRECT,0 | ,E308      
ACS_REDIRECT,User was Inactive,E1703     
,,E507      
ACS_REDIRECT,0 | ,E501      
ACS_REDIRECT,Rupay check bin error,E1703     
AUCNEGATIVE,50655 | Unable to verify card enrollment,E207      
3DS_METHOD_POSITIVE,Session timed out,E2503     
3DS_METHOD_POSITIVE,FILTERED_FOR_MCP ,E804      
,,EX311     
VERERROR,Verification | failed | Key encData not present,E308      
EVPOSITIVE,GW00201 | Transaction not found,E1611     
AUCNEGATIVE,System connection failure.,E500      
AUCNEGATIVE,202 | Transaction processed for 3D Secure/Bank's Page. Waiting for Verification OTP/Password verification.,E1633     
ACS_REDIRECT,,EA082     
AUCNEGATIVE,10004 | Could not get the proper response from NPCI,E231      
5006,PG filtering based on AltId supported PGs ,E803      
REDIRECT,93 | Transaction cannot be completed; violation of law,E1206     
,Invalid BIN,E1703     
REDIRECT,N:400:GENERAL ERROR,E231      
3DS_METHOD_POSITIVE,UNKNOWN_ERROR,E1611     
AUCNEGATIVE,Issuer authentication failure,E1703     
AUCNEGATIVE,Blc|204 | Blc|No Response from PG. Please Contact support,E317      
ALT_ID_PROV_ERROR,MOF001|,MOF001    
3DS_VERIFICATION_ERROR,,E1633     
3DS_CHALLENGE_ERROR,INVALID_REQUEST | Unable to find order null and transaction null for merchant CPM03773,E231      
AUCNEGATIVE,Card range not found,E500      
AUCNEGATIVE,54 | Expired card,E231      
,N:-30052:Communication Error,E231      
AUCNEGATIVE,Transient System  Failure,E500      
REDIRECT,Transaction timed out,E1703     
AUCNEGATIVE,,E501      
REDIRECT,N:59:DECLINED (fraud),E1206     
REDIRECT,T5 | CAF status = 0 or 9,E231      
EVNEGATIVE,908 | No Card record,E335      
3DS_CHALLENGE_NEGATIVE,5102 | Transaction failed. ECI-7 transactions are not supported by merchant.,E335      
AUCNEGATIVE,O6 | Suspected Fraud. Do not retry,E303      
AUCNEGATIVE,902 | Unknown Device,E335      
,Wrong transaction state,E000      
AUCNEGATIVE,51 | Retry the transaction later,E231      
ACS_REDIRECT,AUTHENTICATION_FAILED | Cardholder did not complete authentication | Cardholder selected Cancel,E202      
AUCINVALID,,E1601     
AUCNEGATIVE,408 | pArq Request timed out,E231      
AUCNEGATIVE,30054 | Transaction timed out,E231      
REDIRECT,N:54:EXPIRED CARD,E231      
REDIRECT,K | UNKNOWN,E231      
3DS_CHALLENGE_NEGATIVE,Blc|204 | Blc|Invalid PRsFr Response from PG. Contact Support Team.,E317      
ALT_ID_PROV_ERROR,EA11|The network token service was unavailable or timed out,EA11      
3DS_METHOD_NEGATIVE, | ,E308      
3DS_METHOD_POSITIVE,AUTHORIZATION_FAILED_BY_BANK,E1903     
3DS_METHOD_NEGATIVE,3DS2ERR405 | ,E500      
EVPOSITIVE,61 | Exceeds withdrawal amount limit(s) / Withdrawal amount limit exc,E909      
AUCNEGATIVE,000 | Blc|Not Authenticated /Account Not Verified; Transaction denied,E317      
REDIRECT,"INVALID_REQUEST | Value '530842xxxxxx6267' is invalid. The combination of currency, card type and transaction type is not supported by a Merchant Acquirer relationship",E202      
EVERROR,50021 | Invalid tavv value,E205      
EVNEGATIVE,2032 | Invalid tavv value,E205      
ACS_REDIRECT,00 | Function performed error-free,E000      
AUCNEGATIVE,402,E335      
AUCNEGATIVE,202 | FAILURE::DO_NOT_PROCEED,E1633     
3DS_CHALLENGE_NEGATIVE,450 | INVALID OTP,E231      
AUCNEGATIVE,,E1610     
REDIRECT,46 | Closed account,E717      
AUCNEGATIVE,412 | Issuer Authentication Server failure,E231      
AUCNEGATIVE,203,E335      
,Marking transaction as dropped - CS,E231      
AUCNEGATIVE,,E231      
3DS_METHOD_POSITIVE,,          
ACS_REDIRECT,901 | Card authentication failed,E202      
,,E1669     
3DS_CHALLENGE_NEGATIVE,902 | Unknown Device,E202      
ACS_REDIRECT,googlepay,E507      
REDIRECT,13 | Invalid amount,E715      
REDIRECT,000 | Blc|SUCCESS,E501      
REDIRECT,Allowable number of PIN tries exceeded,E1703     
REDIRECT,N:57:DECLINED (cardholder not allowed),E1206     
REDIRECT,N:96:SYSTEM ERROR,E231      
EVPOSITIVE,0 | ,E1206     
AUCNEGATIVE,Rupay check bin error,E1703     
ALT_ID_PROV_ERROR,EA082|The given srci-dpa-id and program-id association is not found,EA082     
REDIRECT,00 | Authentication Request Successful,E501      
MER_025|No Transaction exists with given merchant id : MER0000005118097,,E307      
,Session expired for this transaction,E1703     
,N:96:Session expired for this transaction,E231      
REDIRECT,,E1610     
EVNEGATIVE,VERCARDT03 | ,E4935     
AUCNEGATIVE,INVALID_REQUEST | Value '0' is invalid. Value is smaller than 1,E207      
REDIRECT,12 | Invalid transaction,E1206     
AUCERROR,INVALID_INPUT | Invalid request input. Please see details below.,E207      
3DS_METHOD_NEGATIVE,"Blc|204 | Blc|INVALID_REQUEST::Value '354104xxxxxx1025' is invalid. The combination of currency, card type and transaction type is not supported by a Merchant Acquirer relationship",E204      
EVPOSITIVE,UNKNOWN,E500      
3DS_VERIFICATION_NEGATIVE,Transaction timed out at the ACS,E1206     
AUCNEGATIVE,|Decline - Expired card. You might also receive this if the expiration date you provided does not match the date the issuing bank has on file.,E501      
REDIRECT,"INVALID_REQUEST | Value '515470xxxxxx8237' is invalid. The combination of currency, card type and transaction type is not supported by a Merchant Acquirer relationship",E202      
ACS_REDIRECT,0 | ,E1601     
,Incorrect personal identification number,E1703     
REDIRECT,42 | No Universal Account,E9252     
EVPOSITIVE,UNKNOWN_ERROR,E231      
REDIRECT,01 | Refer to card issuer,E231      
REDIRECT,,E307      
REDIRECT,Wrong transaction state,E1703     
AUCNEGATIVE,"E0914 | key not present,key not present",E335      
3DS_METHOD_NEGATIVE,Blc|204 | Blc|INVALID_REQUEST::Value '542843xxxxxx4814' is invalid. Invalid card number,E204      
3DS_METHOD_POSITIVE,AUTHENTICATION_ATTEMPTS,E232      
ACS_REDIRECT,51 | Insufficient funds/over credit limit / Not sufficient funds | Decline - Insufficient funds in the account.,E706      
EVNEGATIVE,07 | Pickup Card,E500      
AUCNEGATIVE,0 | OTP Generated Successfully,01        
ACS_REDIRECT,Invalid Otp,E1206     
EVNEGATIVE,2032 | ,E500      
ACS_REDIRECT,00 | Successful approval/completion or that V.I.P. PIN verification is valid,E000      
AUCNEGATIVE,"INVALID_REQUEST | Value '2760023501...2884677692' is invalid. A transaction with this transaction ID has already been processed but the request parameters do not match. To process a new transaction for this order, the transaction.id must be unique for the",E202      
EVPOSITIVE,13 | Invalid amount,E715      
EVNEGATIVE,911 | Suspected fraud,E335      
,Secure Hash Mismatch,E000      
ACS_REDIRECT,,E500      
,No card record,E1703     
,GENERAL ERROR,E1703     
3DS_METHOD_POSITIVE,Marking transaction as dropped - CSW,E000      
ACS_REDIRECT,UNKNOWN,E500      
AUCNEGATIVE,,E340      
REDIRECT,N:51:NON SUFFICIENT FUNDS,E1206     
AUCNEGATIVE,"INVALID_REQUEST | Value '2745922311...2099809421' is invalid. A transaction with this transaction ID has already been processed but the request parameters do not match. To process a new transaction for this order, the transaction.id must be unique for the",E202      
ACS_REDIRECT,57 | Transaction not permitted to issuer/cardholder,E1206     
REDIRECT,N:91:Issuer not available,E1206     
ACS_REDIRECT,12 | Invalid transaction,E231      
3DS_METHOD_POSITIVE,Invalid Otp,E340      
AUCNEGATIVE,"INVALID_REQUEST | Value '2741403236...1816062263' is invalid. A transaction with this transaction ID has already been processed but the request parameters do not match. To process a new transaction for this order, the transaction.id must be unique for the",E202      
AUCNEGATIVE,N:-BEPG-0000015:Rupay authentication error,E231      
EVNEGATIVE,405 | System connection failure.,E335      
ACS_REDIRECT,05 | Do not honor | Decline - General decline of the card. No other information provided by the issuing bank.,E307      
REDIRECT,Store is not open,E1703     
REDIRECT,slice,E501      
,N:ACCU200:User Pressed cancel button,E1206     
AUCNEGATIVE,Call failed,E500      
REDIRECT,N:-BEPG-0000001:Rupay communication error,E231      
3DS_METHOD_POSITIVE,,E803      
ACS_REDIRECT,,E501      
AUCNEGATIVE,Technical failure,E1608     
3DS_CHALLENGE_NEGATIVE,007 | PARS not available for the given ID,E202      
ALT_ID_PROV_ERROR,|DpaId on-boarding in progress,E308      
3DS_METHOD_NEGATIVE,,E308      
AUCNEGATIVE,Do not honour,E1703     
REDIRECT,12 | Invalid transaction,E207      
AUCNEGATIVE,908 | Blc|Not Authenticated /Account Not Verified; Transaction denied,E317      
AUCPOSITIVE,UNKNOWN_ERROR,E231      
3DS_CHALLENGE_NEGATIVE,TRANSACTION_INVALID,E1601     
EVERROR,50021 | SYSTEM ERROR,E205      
3DS_METHOD_NEGATIVE,VERCNTDTRAI01 | ,E500      
3DS_METHOD_POSITIVE,REMOVED_HEADLESS_PGS ,E804      
AUCNEGATIVE,BEPG-0000001 | Could not establish connection with NPCI BEPG Initiate2 web service,E207      
,Allowable number of PIN tries exceeded,E1703     
ACS_REDIRECT,0 | ,
REDIRECT,13 | Invalid amount,E231      
VERERROR,Verification | failed | Key encData not present,E1206     
AUCNEGATIVE,Card number is not in configured bin range.,E500      
AUCNEGATIVE,305 | acctNumber,E335      
AUCNEGATIVE,0 | OTP Generated Successfully,E340      
REDIRECT,00 | Authentication Request Successful,
3DS_METHOD_NEGATIVE,Blc|204 | Blc|Invalid PvRs Response from PG. Contact Support Team.,E204      
,Suspected fraud,E1703     
3DS_METHOD_POSITIVE,Card authentication failed,E317      
REDIRECT,,E1206     
REDIRECT,0 | ,E501      
3DS_METHOD_POSITIVE,,failed    
3DS_CHALLENGE_NEGATIVE,"922 | Blc|Authentication/Account Verification Could Not Be Performed; Technical or other problem, as indicated in ARes or RReq.",E317      
,FILTERED_DOMESTIC_PGS FILTERED_DOMESTIC_PGS ,E803      
AUCNEGATIVE,Transient system failure.,E500      
AUCNEGATIVE,919 | Blc|Not Authenticated /Account Not Verified; Transaction denied,E317      
3DS_CHALLENGE_NEGATIVE,912 | Blc|Authentication/ Account Verification Rejected; Issuer is rejecting,E317      
AUCNEGATIVE,500|Request failed due to system error. | SYSTEM_ERROR,E308      
REDIRECT,01 | Refer to card issuer,E348      
AUCNEGATIVE,,E500      
AUCNEGATIVE,907 | Blc|Not Authenticated /Account Not Verified; Transaction denied,E317      
AUCNEGATIVE,"INVALID_REQUEST | Value '2758495232...2798545864' is invalid. A transaction with this transaction ID has already been processed but the request parameters do not match. To process a new transaction for this order, the transaction.id must be unique for the",E202      
AUCNEGATIVE,41 | Lost card,E310      
3DS_METHOD_NEGATIVE,"Blc|204 | Blc|INVALID_REQUEST::Value '358440xxxxxx5412' is invalid. The combination of currency, card type and transaction type is not supported by a Merchant Acquirer relationship",E204      
,N:57:DECLINED (cardholder not allowed),E1206     
3DS_METHOD_POSITIVE,93 | Transaction cannot be completed; violation of law | Transaction cannot be completed; violation of law,E000      
ACS_REDIRECT,bhim,E501      
REDIRECT,,E1602     
AUCNEGATIVE,Processing error while provisioning Guest Checkout Token,E1703     
,N:-BEPG-0000013:Rupay transaction error,E000      
AUCERROR,"Cannot invoke ""com.payu.cardsservice.cards.dto.response.common.FormPost.getPostUri()"" because the return value of ""com.payu.cardsservice.cards.dto.response.common.Data.getFormPost()"" is null",E1206     
3DS_METHOD_NEGATIVE,Blc|204 | Blc|INVALID_REQUEST::Value 'ANG' is invalid. Invalid Alpha Currency Code [ANG],E204      
REDIRECT,N:12:Invalid transaction,E231      
,N:-BEPG-0000015:Rupay authentication error,E231      
REDIRECT,J | UNKNOWN,E231      
3DS_METHOD_POSITIVE,59 | Suspected fraud | Decline - General decline of the card. No other information provided by the issuing bank.,E000      
REDIRECT,Incorrect personal identification number,E1703     
AUCNEGATIVE,Bin range not configured,E500      
AUCPOSITIVE,UNKNOWN_ERROR,E501      
ACS_REDIRECT,,E507      
,N:54:EXPIRED CARD,E231      
AUCNEGATIVE,202 | Message not recognised,E1633     
3DS_METHOD_POSITIVE,61 | Exceeds withdrawal amount limit(s) / Withdrawal amount limit exc,E909      
,,E1610     
ACS_REDIRECT,93 | Transaction cannot be completed; violation of law | Transaction cannot be completed; violation of law,E325      
3DS_CHALLENGE_NEGATIVE,914 | Transaction timed out at the ACS,E1206     
,User was Inactive,E1703     
EVPOSITIVE,CM900000 | UNKNOWN,E231      
AUCNEGATIVE,CAN is not in range,E500      
REDIRECT,12 | Invalid transaction,E231      
3DS_VERIFICATION_NEGATIVE,,
EVERROR,10004 | Internal Server Error,E1617     
AUCNEGATIVE,0 | OTP Generated Successfully,400       
AUCNEGATIVE,Blc|202 | Blc|No Response from PG. Please Contact support,E335      
3DS_METHOD_NEGATIVE,Blc|102 | Blc|Invalid card scheme,E204      
AUCNEGATIVE,Internal error,E500      
AUCINVALID,,E303      
EVNEGATIVE,10024 | This Card type is not allowed !!,E1101     
AUCNEGATIVE,000 | ,E317      
ACS_REDIRECT,AUTHENTICATION_FAILED | CONSUMER_AUTHENTICATION_FAILED,E202      
,Communication Error,E1703     
,PG filtering based on Optional TRID ,E804      
ACS_REDIRECT,DECLINED (cardholder not allowed),E1703     
ACS_REDIRECT,GW00201 | Transaction not found,E1611     
ALT_ID_PROV_ERROR,EA080|Error occurred during caas decryption.,EA080     
REDIRECT,54 | Expired card,E231      
REDIRECT,63 | Security violation,E312      
3DS_CHALLENGE_NEGATIVE,906 | Blc|Not Authenticated /Account Not Verified; Transaction denied,E317      
ACS_REDIRECT,J | UNKNOWN,E1206     
,Application error,E1206     
ALT_ID_PROV_ERROR,EA080|P9001,EA080     
AUCNEGATIVE,62 | Restricted card,E303      
ACS_REDIRECT,05 | Do not honor,E231      
AUCNEGATIVE,UNKNOWN_ERROR,E502      
AUCNEGATIVE,400 | GENERAL ERROR,E4933     
AUCNEGATIVE,NON SUFFICIENT FUNDS,E1703     
3DS_CHALLENGE_NEGATIVE,62 | Restricted card,E335      
ACS_REDIRECT,000 | Blc|SUCCESS,E501      
AUCNEGATIVE,22 | UNKNOWN,E1633     
,Unable to verify card enrollment,E1703     
,Mandatory Param Missing for Token txn user_credentials,E1101     
AUCNEGATIVE,402 | DS Response is blank,E231      
AUCNEGATIVE,Blc|202 | Blc|SERVER_FAILED::Cannot ensure consistent access to data. Please try again later.,E335      
REDIRECT,96 | System malfunction,E4158     
REDIRECT,Secure Hash Mismatch,E000      
AUCNEGATIVE,405 | System Connection Failure,E335      
,,E1400     
3DS_CHALLENGE_POSITIVE,Transaction failed due to BD response validation,E308      
REDIRECT,ACS response received,E000      
EVERROR,10004 | INTERNAL_SERVER_ERROR,E1617     
ALT_ID_PROV_ERROR,EA025|Expiry month is Invalid. Please check and initiate again,EA025     
REDIRECT,QR,E507      
REDIRECT,?:waiting authentication,E000      
REDIRECT,N:ACCU100:Authentication Failed,E231      
REDIRECT,N:91:Issuer not available,E231      
AUCNEGATIVE,BEPG-0000015 | Rupay authentication error,E207      
,N:62:DECLINED (restricted card),E231      
AUCNEGATIVE,305,E335      
REDIRECT,Error while Processing FIRSTDATA payment,E1703     
ACS_REDIRECT, | ,E1206     
ACS_REDIRECT,DECLINED (fraud),E1703     
REDIRECT,,E1611     
,?:waiting authentication,E000      
AUCNEGATIVE,"402 | For example, Read-Timeout expiry reached for the transaction as defined in Section 5.5. ",E207      
3DS_CHALLENGE_NEGATIVE,41 | Lost card,E335      
REDIRECT,N:61:DECLINED (Exceeds withdrawal amount limit),E1206     
AUCNEGATIVE,Element missing,E000      
ACS_REDIRECT,TRANSACTION_INVALID,E000      
3DS_CHALLENGE_NEGATIVE,402 | CReq message with this ACS Transaction ID has already been received and processed.,E231      
3DS_METHOD_NEGATIVE,3DS2001 | ,E500      
REDIRECT,"INVALID_REQUEST | Value '433279xxxxxx6066' is invalid. The combination of currency, card type and transaction type is not supported by a Merchant Acquirer relationship",E202      
AUCNEGATIVE,000 | Blc|SUCCESS,E1602     
EVERROR,15013 | amount error,E220      
ACS_REDIRECT,DECLINED (restricted card),E1703     
AUCNEGATIVE,203 | Data element not in the required format or value is invalid as defined in Table A.1.,E335      
AUCNEGATIVE,"101 | Invalid formatted message, can be caused by deserialization failures. Refer trace for more details",E207      
REDIRECT,56 | No Card Record,E231      
AUCNEGATIVE,305 | Cardholder Account Number is not in range belonging to Issuer.,E335      
REDIRECT,Marking transaction as dropped - CS,E501      
REDIRECT,0 | ,E1601     
404,,E307      
AUCNEGATIVE,12 | Invalid transaction,E231      
AUCNEGATIVE,00 | Authentication Request Successful,E501      
3DS_CHALLENGE_NEGATIVE,Blc|204 | Blc|Services are unavailable. Please try again later.,E317      
AUCERROR,,E209      
EVNEGATIVE,454 | Duplicate requestID,E337      
ACS_REDIRECT,000 | Blc|SUCCESS,E303      
3DS_METHOD_NEGATIVE,"Blc|204 | Blc|INVALID_REQUEST::Value '354044xxxxxx1010' is invalid. The combination of currency, card type and transaction type is not supported by a Merchant Acquirer relationship",E204      
EVPOSITIVE,,E720      
AUCNEGATIVE,0 | ,E1206     
AUCNEGATIVE,If in response to an AReq message: Cardholder Account Number is not in a range belonging to Issuer.,E500      
EVNEGATIVE,10004 | Timed out at NPCI,E1617     
MER_025|No Transaction exists with given merchant id : MER0000005118097,,E308      
ACS_REDIRECT,00 | Authentication Request Successful,
3DS_CHALLENGE_POSITIVE,UNKNOWN_ERROR,E000      
AUCPOSITIVE,Invalid Otp,E503      
REDIRECT,00 | Authentication Request Successful,E1601     
ACS_REDIRECT,cred,E501      
AUCNEGATIVE,"Cannot invoke ""com.payu.cardsservice.cards.dto.response.common.FormPost.getPostUri()"" because the return value of ""com.payu.cardsservice.cards.dto.response.common.Data.getFormPost()"" is null",E207      
AUCNEGATIVE,101 | DataIntegrityViolationException while Database operation.,E207      
AUCNEGATIVE,AUTHENTICATION_FAILED|Decline - Invalid account number | INVALID_ACCOUNT,E501      
ACS_REDIRECT,"N7 | Negative online CAM, dCVV, iCVV, CVV, or CAVV results or Offline | Decline - Invalid Card Verification Number (CVN).",E1632     
AUCNEGATIVE,10004 | INTERNAL_SERVER_ERROR,E1617     
,N:59:DECLINED (fraud),E1206     
AUCNEGATIVE,987 | INVALID_TRANSACTION_TYPE,E207      
REDIRECT,"INVALID_REQUEST | Value '478881xxxxxx9909' is invalid. The combination of currency, card type and transaction type is not supported by a Merchant Acquirer relationship",E202      
3DS_METHOD_POSITIVE,AUTHENTICATION_FAILED|Encountered a Payer Authentication problem. Payer could not be authenticated. | CONSUMER_AUTHENTICATION_FAILED,E1003     
3DS_METHOD_ERROR,No Error,E214      
AUCNEGATIVE,404 | Failed to invoke CardData API,E335      
,Mandatory Param Missing for AltId txn last4digits,E4510     
ACS_REDIRECT,Format error,E1703     
AUCNEGATIVE,"INVALID_REQUEST | Value '2737545218...1569407615' is invalid. A transaction with this transaction ID has already been processed but the request parameters do not match. To process a new transaction for this order, the transaction.id must be unique for the",E202      
,Error while Processing FIRSTDATA payment,E1703     
3DS_METHOD_POSITIVE,NOT_ENROLLED_FAILURE,E1302     
ACS_REDIRECT,CA | Acquirer compliance,E231      
3DS_CHALLENGE_NEGATIVE,Blc|204 | Blc|No Response from PG. Please Contact support,E317      
AUCNEGATIVE,05 | Do not honour,E303      
REDIRECT,05 | Do not honor,E1206     
REDIRECT,cred,E501      
AUCNEGATIVE,SERVER_FAILED | Cannot ensure consistent access to data. Please try again later.,E207      
REDIRECT,"INVALID_REQUEST | Value '443025xxxxxx9301' is invalid. The combination of currency, card type and transaction type is not supported by a Merchant Acquirer relationship",E202      
AUCNEGATIVE,0 | OTP Generated Successfully,E1206     
EVNEGATIVE,402 | DS Response is blank,E335      
,General Error,E1703     
3DS_METHOD_ERROR,APPROVED,E4506     
REDIRECT,N:57:DECLINED (cardholder not allowed),E231      
AUCNEGATIVE,invalid transaction data,E500      
,NO ROUTING AVAILABLE,E1703     
3DS_METHOD_POSITIVE,,E1601     
AUCPOSITIVE,,E000      
ACS_REDIRECT,05 | Do not honor,E1206     
,N:-BEPG-0000017:Issuer authentication failure,E000      
REDIRECT,SUCCESS,E308      
,N:ACCU600:Invalid data was posted to Issuer,E231      
ACS_REDIRECT,N:-BEPG-0000001:Rupay communication error,E231      
,N:52:No checking account,E231      
3DS_CHALLENGE_NEGATIVE,82 | No security module,E335      
,DECLINED (exceeds frequency),E1703     
ACS_REDIRECT,,E4179     
,Mandatory Param Missing tavv,E4510     
3DS_METHOD_NEGATIVE,Blc|204 | Blc|INVALID_REQUEST::Value '536472xxxxxx6135' is invalid. Invalid card number,E204      
,Acquirer compliance,E1703     
AUCNEGATIVE,402 | Transaction timed-out.,E335      
3DS_METHOD_NEGATIVE,"Blc|204 | Blc|INVALID_REQUEST::Value '507872xxxxxx8773' is invalid. The combination of currency, card type and transaction type is not supported by a Merchant Acquirer relationship",E204      
3DS_METHOD_NEGATIVE,"INVALID_REQUEST | Value '478926xxxxxx8429' is invalid. The combination of currency, card type and transaction type is not supported by a Merchant Acquirer relationship",E501      
REDIRECT,04 | Pick Up Card,E231      
AUCNEGATIVE,P9 | Enter lesser amount,E231      
AUCNEGATIVE,Missing card record.,E500      
AUCNEGATIVE,301 | threeDSServerTransID,E207      
ACS_REDIRECT,56 | No Card Record,E1206     
AUCNEGATIVE,203 | Format of one or more data elements is invalid according to the specification,E335      
ACS_REDIRECT,102,E1206     
AUCNEGATIVE,301 | Retrieved transaction already used,E335      
REDIRECT,"INVALID_REQUEST | Value '416839xxxxxx1592' is invalid. The combination of currency, card type and transaction type is not supported by a Merchant Acquirer relationship",E202      
ALT_ID_PROV_ERROR,UNKNOWN,E500      
REDIRECT,000 | Blc|SUCCESS,E303      
3DS_METHOD_NEGATIVE,"INVALID_REQUEST | Value '535398xxxxxx6715' is invalid. The combination of currency, card type and transaction type is not supported by a Merchant Acquirer relationship",E501      
AUCNEGATIVE,Blc|202 | Blc|Retrying due to IO Error at server,E335      
3DS_CHALLENGE_NEGATIVE,14 | Invalid card number (no such number),E335      
AUCNEGATIVE,T5 | Check for New information before retry,E1206     
AUCNEGATIVE,301 | dsTransID,E207      
